tweet,sentiment,emotion,class
arumai,0,0,0
pani poori ku pirandha unaku thaai mozhiyoda arumai theriya vaaipilla ongi sevul le vitta amma nu kathuviya mummy nu illa maatha ji nu kathuviya ,1,1,1
arumai ,0,0,0
dmk ku vote potutomnu yarelam ipa feel panitu irukenga ipa teriyuthu daw eps uh unga arumai seirenganu ungala thappa pesi seira ivanugala kondu vandhu mudunju poch,1,1,1
appa irukura varaikum avarum enkita pesa mataru naanum pesa maten ipo appa ila yenguren irukura varaikum arumai theriyadhu evalo baaratha sumandhutu irundharu nu adha enoda thozh la vekurapo dha puriyudhu,0,1,0
arumai,0,0,0
arumai theriyala avingalauku ,0,1,0
arumai sister,0,0,0
location arumai ,0,0,0
arumai anna ,0,0,0
arumai thambi,0,0,0
arumai,0,0,0
super arumai sister ,0,0,0
trailer arumai ,0,0,0
arumai da ,0,0,0
arumai arumai nala vilakum ,0,0,0
arumai yana design akka nalla iruku akka ,0,0,0
arumai arumai ,0,0,0
alagana valimaiyana kundi oppatharku arumai,1,1,1
arumai yana pathivugal na ,0,0,0
arumai arumai nala pathil ,0,0,0
arumai yana vasakam ,0,0,0
arumai doli avana serupalaye adikkanum,0,1,0
ethu peru thaan pottu vangarthu arumai arumai ,0,0,0
nandri ,0,0,0
nandri bro ,0,0,0
nandri nanbare ,0,0,0
nandri annae,0,0,0
nandri anna ,0,0,0
thats pm modi apology keta vayala nandri nu solla vachar pathingla manick baba ,0,0,0
nandri ,0,0,0
veettukku kelambutn nandri,0,0,0
nandri thomas happening btw ,0,0,0
nandri bro ,0,0,0
nandri ka ,0,0,0
nandri arasi,0,0,0
template ku nandri ,0,0,0
nandri bro adhuku thaan hair vitutu iruken papomm ,0,0,0
nandri bro always inspiring from pavi pup ,0,0,0
nandri dr ,0,0,0
nandri mams ,0,0,0
nandri jd ,0,0,0
nandri ,0,0,0
ayyappan is youtube journalist to whom you givenfireyyy ipo exposed bb corrupted na edhuku ya unga vikraman ulla en vote panuna makkaluku nandri nu kathitu eruntharu modi kum oscar kum enna ya relationship puriala ,0,1,0
nandri anney ,0,0,0
nandri pa ,0,0,0
nandri dr ,0,0,0
nandri mams,0,0,0
nandri bro ,0,0,0
nandri vanakkam ,0,0,0
nandri mams ,0,0,0
nandri,0,0,0
nandri bro ,0,0,0
itha quote tweet panathuku nandri,0,0,0
nandri thomas when ,0,0,0
nandri theivame ,0,0,0
nandri anna,0,0,0
nandri kannan ,0,0,0
nandri thalaivare ,0,0,0
nandri anna,0,0,0
hai sir first congratulations to you and your team,0,0,0
nandri dr,0,0,0
loosu thayoli cini market epdi iruku nu paru da punda ,1,1,1
ada thevdia mavane loosu pund mathiri pesunathu nee naan yaaruku support panna unaku enna da punda soothu eriyuthu enna mayiruku naan potta post ku reply mayiru oombuna pundaya mooditu unnoda velaya paaru,1,1,1
avan oru aalu punda bullet oru poolu punda ne oru kena punda ,1,1,1
intha pundaiku than ni yellam laayaku varusa punda van paniyum naai adangala,1,1,1
ada makku punda tharukuri pundanu mani oru mura nirupikkura da na yenga ipl international soliruken kaatu da punda,1,1,1
punda damage yen sunniya peru senthu kadichutu irukinga porumaiya than vaila kuduka mudiyum porumaiya varusaila ni lunga,1,1,1
yethu ipl ranji trophy mariya ada cricket yennanu theriyuma da ipl na clup cricket da muttal punda ,1,1,1
dei lusu punda oruthan fraud panrana apuram yethuku avan kuda match aadura lusu pundaya ni,1,1,1
thevdiyapayale na suresh oda post la comments panen da makku koothi unna tag panala da punda ,1,1,1
dei mi fixing panuthuna complaint pani ban panra malumutti punda,1,1,1
muttal punda yaru yen comments vanthu aluthutu irukingapaaru da na adi vangurena kanavu pundaila valatha naaiye,1,1,1
dei makku punda cricket pathi onnum theiryatha thathiya irukiye da ,1,1,1
ni yen sunniya pudichu oombirukka da punda first poi nalla paaru da vanraj thevdiyapayale,1,1,1
ada makku punda typo error agurathukum na solra concept kum yenna da sambatham iruku lusu punda ,1,1,1
lusu punda trigger aagi olaratha da ,1,1,1
shumma iraa malumutti punda,1,1,1
years pan punda aaittu ambani mafia pathi pesuthu paaru naai ,1,1,1
oh my paruppu puli theviduya punda ,1,1,1
yes bro punda avlo soft ah iruku maami ku,1,1,1
othaa thayoli yaara nee physco kuthiya nee unkitta pesi time waste pannita punda ethvathu mananelli maruthuva manaila seridhu treatment paaru daa thambi illana un manakula iruku vandhu da pothu potta badu ,1,1,1
ippaium katharu da thevudiya punda ,1,1,1
look semmaya iruku da punda ,1,1,1
prakash kena punda,1,1,1
unga amma ku punda irukka ookka vara solren ,1,1,1
gay punda dei ,1,1,1
ne vangiko da punda ,1,1,1
appo nee punda thevdiya ,1,1,1
poda punda ,1,1,1
dai nee mudra punda ,1,1,1
paathutu pesu da potta punda,1,1,1
morattu rofl bro mass bro poda punda ,1,1,1
intha punda ithaan chance nu over ah panitu irukaan,1,1,1
ivaru periya punda oodra sunni ,1,1,1
kalusada punda dei ,1,1,1
adei theavangu punda ,1,1,1
diractor acting theriumha wig anna dance aatuva sir diractor punda acting theriumha nu ketta loosu kothi maari dance aatuvanu sollra mental punda ,1,1,1
athayea ne social media la than da sollura pea punda ,1,1,1
unga amma punda irukku da thayoli mavane ,1,1,1
ada kiruku punda,1,1,1
gommala snapchat ah ban panunga da pundaingala kasta pattu number vanguen daa gothaa punda snapchat video call pathutu cut panitu vanthuten da pundaa sunni thailee ,1,1,1
chi gay punda,1,1,1
varisu nadichey apa trla koothi padam nu collection vanta periya iva avana award adra punda first ,1,1,1
ivan uthama punda ilanu enakku apovey theriyum ivana valathu vittathu intha kuthiyanuga than ,1,1,1
punda punda ,1,1,1
good morning da punda ,1,1,1
ungomma va neeyeh vdo eduthruka andha gundu punda ne dhana ,1,1,1
ivanga oru aalu punda padathula win pana mudila pundaingala ,1,1,1
kena punda palvadi ,1,1,1
yoww ennaya moonji punda idhu ,1,1,1
national award vj kita iruka da bunda talent iruntha thanda national award tharuvanga lusu punda ,1,1,1
vaiyatha ulla ilutha six pack ada dummy punda,1,1,1
daii dummy punda ira award kum national award different theriyatha tharkuri atha vidu pa csk ethana award vangi irukan odaney vijay award nu sollitu vantharatha ,1,1,1
punda mane,1,1,1
poda sotta punda ,1,1,1
enda punda unaku la interview eduka enna thagudhi irukuda ,1,1,1
yenda elumban devdiya payalae unnakku vj anna competitor aagalanu nenaippu punda irukko oththa vj annavoda flop movie gt gt gt gt unga career best movie da pae pundaingala ,1,1,1
ava dance punda attitude koothy lam paatha ericha punda than varuthu ,1,1,1
loosu thayoli cini market epdi iruku nu paru da punda ,1,1,1
ada thevdia mavane loosu pund mathiri pesunathu nee naan yaaruku support panna unaku enna da punda soothu eriyuthu enna mayiruku naan potta post ku reply mayiru oombuna pundaya mooditu unnoda velaya paaru,1,1,1
avan oru aalu punda bullet oru poolu punda ne oru kena punda ,1,1,1
intha pundaiku than ni yellam laayaku varusa punda van paniyum naai adangala,1,1,1
ada makku punda tharukuri pundanu mani oru mura nirupikkura da na yenga ipl international soliruken kaatu da punda,1,1,1
punda damage yen sunniya peru senthu kadichutu irukinga porumaiya than vaila kuduka mudiyum porumaiya varusaila ni lunga,1,1,1
yethu ipl ranji trophy mariya ada cricket yennanu theriyuma da ipl na clup cricket da muttal punda ,1,1,1
dei lusu punda oruthan fraud panrana apuram yethuku avan kuda match aadura lusu pundaya ni,1,1,1
thevdiyapayale na suresh oda post la comments panen da makku koothi unna tag panala da punda ,1,1,1
dei mi fixing panuthuna complaint pani ban panra malumutti punda,1,1,1
muttal punda yaru yen comments vanthu aluthutu irukingapaaru da na adi vangurena kanavu pundaila valatha naaiye,1,1,1
dei makku punda cricket pathi onnum theiryatha thathiya irukiye da ,1,1,1
ni yen sunniya pudichu oombirukka da punda first poi nalla paaru da vanraj thevdiyapayale,1,1,1
ada makku punda typo error agurathukum na solra concept kum yenna da sambatham iruku lusu punda ,1,1,1
lusu punda trigger aagi olaratha da ,1,1,1
shumma iraa malumutti punda,1,1,1
years pan punda aaittu ambani mafia pathi pesuthu paaru naai ,1,1,1
oh my paruppu puli theviduya punda ,1,1,1
yes bro punda avlo soft ah iruku maami ku,1,1,1
othaa thayoli yaara nee physco kuthiya nee unkitta pesi time waste pannita punda ethvathu mananelli maruthuva manaila seridhu treatment paaru daa thambi illana un manakula iruku vandhu da pothu potta badu ,1,1,1
ippaium katharu da thevudiya punda ,1,1,1
look semmaya iruku da punda ,1,1,1
prakash kena punda,1,1,1
unga amma ku punda irukka ookka vara solren ,1,1,1
gay punda dei ,1,1,1
ne vangiko da punda ,1,1,1
appo nee punda thevdiya ,1,1,1
poda punda ,1,1,1
dai nee mudra punda ,1,1,1
paathutu pesu da potta punda,1,1,1
morattu rofl bro mass bro poda punda ,1,1,1
intha punda ithaan chance nu over ah panitu irukaan,1,1,1
ivaru periya punda oodra sunni ,1,1,1
kalusada punda dei ,1,1,1
adei theavangu punda ,1,1,1
diractor acting theriumha wig anna dance aatuva sir diractor punda acting theriumha nu ketta loosu kothi maari dance aatuvanu sollra mental punda ,1,1,1
athayea ne social media la than da sollura pea punda ,1,1,1
unga amma punda irukku da thayoli mavane ,1,1,1
ada kiruku punda,1,1,1
gommala snapchat ah ban panunga da pundaingala kasta pattu number vanguen daa gothaa punda snapchat video call pathutu cut panitu vanthuten da pundaa sunni thailee ,1,1,1
chi gay punda,1,1,1
varisu nadichey apa trla koothi padam nu collection vanta periya iva avana award adra punda first ,1,1,1
ivan uthama punda ilanu enakku apovey theriyum ivana valathu vittathu intha kuthiyanuga than ,1,1,1
punda punda ,1,1,1
good morning da punda ,1,1,1
ungomma va neeyeh vdo eduthruka andha gundu punda ne dhana ,1,1,1
ivanga oru aalu punda padathula win pana mudila pundaingala ,1,1,1
kena punda palvadi ,1,1,1
yoww ennaya moonji punda idhu ,1,1,1
national award vj kita iruka da bunda talent iruntha thanda national award tharuvanga lusu punda ,1,1,1
vaiyatha ulla ilutha six pack ada dummy punda,1,1,1
daii dummy punda ira award kum national award different theriyatha tharkuri atha vidu pa csk ethana award vangi irukan odaney vijay award nu sollitu vantharatha ,1,1,1
punda mane,1,1,1
poda sotta punda ,1,1,1
enda punda unaku la interview eduka enna thagudhi irukuda ,1,1,1
yenda elumban devdiya payalae unnakku vj anna competitor aagalanu nenaippu punda irukko oththa vj annavoda flop movie gt gt gt gt unga career best movie da pae pundaingala ,1,1,1
ava dance punda attitude koothy lam paatha ericha punda than varuthu ,1,1,1
nee yaaru da tharkuri punda avan kaeta kelviku samantham illama olaritu iruka ,1,1,1
indha sildra punda vera ,1,1,1
sotta than vilum vayasu aiyrum romance punda ye varathu enjoy na ennanu keppom love apdina enna nu keppom aga motham manushan mari iruka matom ,1,1,1
sotta punda,1,1,1
deiii punda panrathu thevidiyathanaam ethula vera soon nee sunniya umbathan ,1,1,1
dei mendal punda valarppu naai thayoli dhanush poola oombi polachittu pechu punda mattum nalla than ya irukku,1,1,1
poda kulla punda,1,1,1
fake id punda suma iraaa,1,1,1
ivru periya punda poda sunni,1,1,1
dai thayoli elumbaa fdfs filla panna vakku punda illa idhula poster pathi pechu pundalaam thevayaa daa unakku originald la vaada potta elumbaa ,1,1,1
ada lusu punda kasol isplace in himachal pradesh gaaji koothiyane ,1,1,1
gaaji punda dei ,1,1,1
mutta punda kanna nalla thorandhu paru enga aalu pannadhu ,1,1,1
antha padamum red gint than da kulla punda,1,1,1
kena punda,1,1,1
kena punda itha thukitu vara ivalo neram gomma punda,1,1,1
dai bommer punda poda,1,1,1
proof kaattraaa punda ,1,1,1
poda punda ,1,1,1
poda punda ,1,1,1
poda punda puli okk loss than beast loss ha yaara nee,1,1,1
gotha punda ,1,1,1
nkp flop nu solra mutta punda lam yaarnu paatha anil pundaga dha vera evanum flop nu solla matan ,1,1,1
fake froud punda,1,1,1
zee news ella news laium potanga indha thevdiya pasangaolu vitu suthranga adhum nambura mada punda thevdiya maganeh ,1,1,1
angutu poi oombu jhon kokkan tweet poi paaru ila sundar tweet ah poi paaruda pea punda therinaaiku porandha thevdiya maganeh ,1,1,1
dei mental punda rcb match continous lsing team da mayiru mumbai all matches win oru punda arivuyum ila csk women teamum ila ,1,1,1
owner ambani dhan da csk kita lam women teame ilaye adhan dhoni poi women ku support srini mama kita keklaya nu ketan da punda ,1,1,1
rendu peru mention pannan srini mama and dhoni adhan ketan yara sonnanu samadha punda ila ma pesu hari ,1,1,1
sunni mathiri dp punda,1,1,1
neengala kadha punda uda koodathu da sunni ,1,1,1
motivation lam irkatum first srini mama kita soli women team form panna solu da punda ,1,1,1
gomma punda,1,1,1
po da punda,1,1,1
ava enkita epavum pesa matta enaya parthale poda punda nu tha soluva neeye pesu da poi dm la ,1,1,1
mairu bala thevidiya payale amai thevidiya punda ,1,1,1
ama ivaru periya cid punda orama poda tharkuri nayaeee,1,1,1
neinka matum than hack pannuvenkala punda nankalum pannuvom next pushi anand number release aakum paakiriyaa ,1,1,1
revenge is revenge da punda canada thayooli ne matum than hack pannuviya nankalum pannuvom,1,1,1
poda froud punda,1,1,1
oombiye valranda thevidya magan komali punda,1,1,1
fitness vechu ena pana ipl la verum cup than adichurkan varushathula mada punda dhoni rohit varushathula cup,1,1,1
garbage movie ah adhu yenna et nu ninaichiya da punda ask ur kullan family member theatre he ll say whodoing garbage movies amp whothe king of box office ,1,1,1
nellai laam oru ooru punda neeyallam oru aaalu punda,1,1,1
neeyallam oompa than di laayaki kandroli oru match kooda adichi tharla moonji pundaya mattum soga pundaya vachikuva pee punda queen aam queen koothy queen kandroli ,1,1,1
indha punda update thara maran next year dhan pola ,1,1,1
dai otha neeya periya mafia punda otha ongala yennaki eppadi suuthu addika poorangalo appo erruku da onnaku ommala ,1,1,1
unoda pn padam dhanda thevdiya punda una mari aalunga naala dha fans kulla sanda varudhu otha dei vekama ilaya da sothu la uppu pota thingara ila pii ya thingaraya da bunda mavanea ,1,1,1
duckmaster liton das kangaladesi punda,1,1,1
fans kulla fight varthae unna maari punda naalatha,1,1,1
editing da punda,1,1,1
ennamo tamil la ajith than athiga filmfare vachuruka maari pechu punda filmfare vachu irunthum vijay kaal kila than irukan mr ajith vijay movie telugu celebration ithu maari video ajith ku onnu kaatu da aamai ,1,1,1
seri thunivu nalla padam illa vera edhu nalla padam sarkar bigil mersal master theri beast varisu idhelam nalla padam apdi dhana pee punda oru off beat film panradhuku dhill punda kedaiyadhu commercial masala illana vijay zero da accept the reality ,1,1,1
amah broh avan lusu punda ,1,1,1
uncle ne ena vida china paiyana dai kelatu punda summaa iruu daa,1,1,1
agent tina dha rolex vida talk of the town ah iruthuchu andha time la athuvu illama rolex character ah picha pottathu loki picha eduthathu surya edukurathu picha ithula egathala punda vera ,1,1,1
apa neium itha video va pathutu sirichutu tha irunthiya da piyyan kulla punda,1,1,1
mohan tnr bfc la plan ennava irukum ennava irukanum neenga enna ninaikuringa siva sakthi injury nala ,0,0,0
 vikraman fan nu proof lam thevaye padathu kamalii nama fandom ku kudukura respect how we treat our own fandom genuine ah irukanum adhuku proof theva ila,0,1,0
namma karuthu makkaluku nallatha irukanum madam ,0,1,0
muttu na ipdi irukanum hari nadar jeichalum paravala uma nallavan,0,0,0
transformation ah ipdi irukanum ,0,0,0
 niyathin pakkam epavum irukanum ,0,0,0
 thirudanuku thael kothuna mari pothitu irukanum nenga pesuna desha bakthi ah da nanga pesuna thapa da,0,1,0
 daii kiruku bunda goundamani senthil kuda sattaiya kaltti padathula vanthanga six pack illana muditu irukanu vjs broke panran adutha join pana kudathu namma kita illana sunni sathitu irukanum ,1,1,1
 rendu perum same time onlinela irukanum thambi,0,0,0
 irukanum nu asa patanga ana illa irunthalum promote panuvom nu panitu irukaga,0,1,0
 doctor saar avaru public ah cure for autism testing the autism medication nu poi solluradha padichitu vandhunippafi oru urutu uruturenga na neenga evolo peria aala irukanum doctoreh ,0,1,1
 athu taste ah irukanum illana mothama oothikum ,0,1,0
 ama negative shade character nu pottu irukanum,0,1,0
 sari sari kudichitu amaithiya irukanum sariya ,0,1,0
 story plot heavya irukanum ninaipom asaulta allow pannida kudadhu adhuku avan podra effort seducing balama irukanum ,0,1,0
 aang summa ne ivankoodatha irukanum ne iva koodatha irukanum nu yarune theriyadha rendu peruku munna pinna feeling onnu kodukama indha poi onna vaazhuganu urge kulla thalluradhu parents thana ippola neria peru veetla force panragakagatha mrg eh panraga,0,1,0
 innaikku naanum try pandren but athukku avan number ah car pinnadi pottu irukanum avanum car la irukanumee ,0,1,0
 umpu thevdiya paya sunni soothadi kuduthachu punda muditu irukanum vaai punda than ,1,1,1
 nov anna entry mass ah irukanum arrange pannidunga ,0,0,0
 dai rrr popular aanathula irunthu thodarnthu vayiru eriyura kootam namma kottam than atha vidu oscar vanguna apram athuku congrats sollanum illa moodikittu irukanum enga kitta award iruku nu sonna athuku peru enna vayithrichal thana atha sonna thappa ,0,1,0
ithukku than solrathu namma aaal oruthan ulla irukanum nu tq sirrrr ,0,0,0
 anthaa payam irukanum uupicis,1,1,1
 unna paatha paavam ah iruku di ipdi aayitiye kadaisila unnoda palaya tweets ella eduthu pathu padichu sirichutu iruka inimel moodikitu irukanum seriya ipodheku kelambura bye di darling enkita vechen ipdi dha irukum nelama ,1,1,1
 amith mathiri oru friend sindhu mathiri oru wife amp adithya mathiri oru friend ithellam kedaikanumna konjam kudigaranaa attitudeirukanum ,0,0,0
 thevidya payan ulla dha irukanum yaarum thappa padikadhinga what meant was education should be useful not to be wasted like this iyervaal ,1,0,1
 anna tharama irukanum industry alaranum anna ,0,0,0
 indian team nala ini oru icc cup um adikka mudiyathu adikka maattanunga apdi icc cup adikanum na pant captain ah irukanum ruturaj amp samson team la irukanum itha nadantha than cup adikka atleast chance iruku,0,1,0
 arr already tamilnadu oscar vaangi romba naal aachu really rrr deserved we proud that got oscar as indian we shud proud but if come to comparison for this one then arr already bagged oscar to tn so pocha muditu irukanum golts congratulations team ,1,1,1
namakkul irukkum valigal aayiram athai velikattamal epothum naam santhosama irukanum itha na unga kitta kathukitten nanbaney ,0,1,0
 sandhula update ah irukanum idaila kya matter water nu vandi era koodathu ,0,1,0
thala seevaradhu seevama varadhu avaroda thanipatta viruppam padathula andha look mass ah irukka should appreciate avlothan on screen laiyum off screen laiyum ore maari irukanum nu soldrathu lam,0,1,0
 enna aanalum jolly ah irukanum ,0,0,0
 niyathin pakkam irukanum,0,0,0
 chennai odi also nitin menon dhaan umpire ah irukanum you can see all your favourites alltime,0,0,0
 revenge na ipadi tha irukanum,0,0,0
 low bp varum salt crctaa irukanum athigamavum iruka kudathu kammi yavum iruka kudathu,0,0,0
 athu left curve athu onum right curve kidaiyathu kandipa antha car avalvu right side poi iruka kodathu poi irunthalum left eduka try pani irukanum unga car mathiri inside la camera iruntha antha driver enna panikitu irunthu iruparunu theriyum ,0,0,0
 pan india padam naale action fantasy apdi irukanum nu expect panranga athan problem,1,1,0
 tasmac and school evlo distance irukanummean orey street la tasmac and schools irukalam ma,0,1,0
 ma neee inimel unnoda daughter kaka nalla iru pathukkao ok va avalukku dream favorite pudicha madhiri job sports or everything accept panni congratulations panni vali anupu and innoru vishyam fake guys kitta irundhu unnoda ponnu ku eppidi strong uh irukanum,0,0,0
happy birthday machan treat kudukama poiduviya niii inimelachu kurumbu pannama irukanum ,0,0,0
 yess annan oru pakkam jai bhim oru community pathi padam edupan thambi inoru pakkam muthaiya kuda inoru community pathi padam pannuvan itha pathutu oorkula communal violence vanthum orthar inorthar aa adichitu saavanum aana ivanunga santhosam aa irukanum ,0,1,0
 editor oru avadhara purushan ah dhan irukanum ,0,1,0
 congratulations both kadasi vara ipadiya positive vibesoda rendu perum irukanum ,0,0,0
 ipdiyea irukanum oli agamaa irukanum kadavulea,0,1,0
 varusam bjp kaala pudichi aatchi senjappo intha veeram irunthu irukanum,0,1,0
antha bayam irukanum da sanghi ,1,1,0
 enga ponalum thirubi poga oru veedu venum athunala namaku puduchavaga irukanum ilana entha travel um nalla irukathu bro ,0,1,0
 semma profit aana next movie ku director illa neelam inniyaram seththu irukanum da deii aamai munda,1,1,1
pala naala expect panitu iruntha movie andam totally disappointed except sir matha ellame sothapal next padam sambavama than irukum irukanum namburom ,0,1,0
 neenga la kadaisi varaikum ipdi pesittu mattum tha irukanum first oru director ah olunga choose pana sollu antha avana,0,1,0
pundaila oka,1,1,1
 gentle man na married ah irukanum ah ,0,1,0
first time vijay preponed his movie release before diwali bcoz diwlai locked for antha bayam irukanum daa effect ,0,1,0
 kalutha pudichite ukkandhu irukanum station varaikum idhukagave neraya vati door kitte stading la varuve ,0,0,0
deep analysis super sir ,0,0,0
super ,0,0,0
otha ,1,1,1
ommala,1,1,1
super ponga,0,0,0
 super super annaam waiting,0,0,0
 super morning,0,0,0
super na ,0,0,0
super appo no alliances with admk thanaae ,0,0,0
 ok mams super ,0,0,0
 super ji,0,0,0
 super tholi,0,0,0
 rd sema comedy super thambi ,0,0,0
 super,0,0,0
 sema super ah irukku ivlo kammiyana idathula kana katchithama stylish kattirunga valthukkal,0,0,0
naan inniki concert poren such an inspiration he ism super excited ,0,0,0
 super idea boss,0,0,0
 oh super na abuse pannana wharey whaaa enga kudunga papom,0,0,0
 akila ulaga black hole super star ,0,0,0
nee yarukku vote potta ivanuka,0,0,0
othaa thayoli yaara nee physco kuthiya nee unkitta pesi time waste pannita punda ethvathu mananelli maruthuva manaila seridhu treatment paaru daa thambi illana un manakula iruku vandhu da pothu potta badu ,1,1,1
yevanavathu tweet potta odanea copy old elam pathachu semma adi pola la pathachi fulla unaga dala ya kaluvi uthirikaga ,1,1,1
kannukku munnaadi oru periya katchiyae attaya potta unnaye evanum ketkala ithava ketka poranuga pavamda makkal ungala mari thirudanuga kitta mattikttanga,0,1,0
avanga shivik pota ignore panna soldringa athe maari engaluku shivin pudikala nanga crop panni potta ignore pannitu poga vendithane en quote panni katharanum ivlo per vanthu neenga avangala sollama engata sollitu irukinga ,0,1,0
marfin pic potta nena pa bro,0,1,0
hrs engayoda trip poitu vandhu aduchu potta mari thoongitu irundha ,0,1,0
amala ji next dalai padathula heroine nadikuranga th scene la rubber pudiji aaruthu vitu poda potta nu solranga nama madam padathula mukkiyamana emotional scene ,1,0,1
hai nega potta photos samaya irukku,0,0,0
poda potta pundai,1,1,1
paathutu pesu da potta punda,1,1,1
virat potta podhum ,0,1,0
ohh music potta tha award kodupigala ennoda adutha padathula na tha music director podu da bgm ,0,0,0
wait for outsiders they will give an initial to ur daughter son potta thayoli,1,1,1
dai potta nalla vandhurum olunga idiru,1,1,1
fake id vachu pottaah thaan ilupaanunga,0,1,0
paragraph type panu azhudhuteh potta thevdiya indha azhuvu azhuvudhe ,1,1,1
poda potta toili,1,1,1
ithula potta cheeyan uncle ah ,1,1,1
nee potta bunda nu nenachen poda comali ,1,1,1
dei thayoli naan ne potta ss ku sonan ,1,1,1
yabbah konjanerathula nee potta uruttula naanae maatirupen justu missu nalla urutra man nee ,1,0,0
nee yaruda panda karadi ku pant shirt ah potta madhiri volunteer ah vanthu vandila yerura ,1,1,1
savukku ku koduthuttu meedhi dhan madesh eduthutu ponarunu madan clear uh solrare neenga madesh elathayum aataya potta madri narrative set pannitu irukinga ,1,1,0
hmm appo keeravani better than ilayaraja nu post podu ambalaya irundha potta ,1,1,1
potta paiya,1,1,1
dai thayoli elumbaa fdfs filla panna vakku punda illa idhula poster pathi pechu pundalaam thevayaa daa unakku originald la vaada potta elumbaa ,1,1,1
ari da potta,1,1,1
naanum ambala than nanum aambala than moment potta koothi,1,1,1
nee potta enna podalana enna unnoda kanna paththu naan enna panna poren ,0,1,0
potta naaye dei maadesh,1,1,1
potta anils ,1,1,1
ambalaya junni ah iruntha antha admin bundaya space ku kootitu vaa potta matri page la pottu buluthuna periya maira avan panrathu mollamaari thanam ithula periya pudingi matri vera pesraan,1,1,1
apdiya full ah potta nangalu papom la,0,1,0
komma soothula ommbuchu kodi poda amai koothi potta koothi,1,1,1
poda potta ,1,1,1
indha comment ah andha page la potta nallarukkum,0,0,0
ohh athan unga anna biriyani meeting potta appo phone media allow pannalayo ,0,0,0
thu pothuva potta pathivu ithana per enna nu kekka vanthanga paathingala ellarumey comment ku reply pannala pola ,0,0,0
promo la epdi ney teriyum athukulla epdi judge panreng fans naama pesrathu vera page post podrathu vera leo hype is because of loki nu oru tweet sfc page potta ineram enna enna solli irupenga ,0,0,0
john suriya potta picha theriyama video edit pannitu irukan piyaan kulla kuthi fan ,1,1,1
appan yarunei theriyadha anadhai tevdiya paya un address engada theru porukki first unaku ella irukanu paru appala aduthavana umbu avar illana unakei address mayiru oru pundaiyam illai nee ellam pesalama de first goppan yarunu therinjuttu vade potta thayoli ,1,1,1
ipadi emoticon potta neenga innum oru dozen time visit panni confuse aaganum ,0,0,0
da da vera level movie coffee,0,0,0
ath vijay fans konjam sollunga suriya kk ethachum oru update tweet potta vandh kadharama irukka enak unkooda fight panna virupam ila na fans panrath than solren illathath ethum sollala ,0,1,0
sontha dp vaikka theriyatha potta orama poi oombuda,1,1,1
pooda potta,1,1,1
 lokesh vijay ku sr prabu potta pichanu therichum veliya katikama suthum thevagugala,1,1,1
Pakathootu ponnu vena  atleast dhoorama iruka ponnachu venum la,0,1,0
Summave iruka maaaatan pola,1,1,1
Maxx  Zayn    Nanu antha list ila iruken ipo tha kevalama iruku ivana poi pethu iruka Nu,1,1,1
Aditi yum iruka  apo duet song tah          Maaveeran  Kartikeyan,0,0,1
Athula mothalla song iruka da,0,0,0
Twitter circle iruka or WhatsApp group  Interested in next session,0,0,0
Inga iruka heroes padathaye ott la thaan paapanunga idhula adutha state hero ku vaai vakkiradhu,1,1,1
Cake cutting iruka ah,0,0,0
shorts Ullathiley nee irukka unnai nambi Nan iruka  Dr  Seergazhi S        via,0,1,0
Edhachom oru padam tamil odirka avan nadichadhu Enda moolaye illadha mutta ku    Maariye pesitu iruka,1,1,1
IN Adha thanda ADMK nu potu kotta eluthula potrukan avane kootani katchi ku campaign pannitu inga vandhu list potu vechurukan andha list olunga paakama nee vandhu olaritu iruka avan oru kirukan nee avana vida periya kirukan,0,1,1
Yen    peru pora alavuku Punda perusa iruka da aravani funda,1,1,1
Unnaku sunniye illayamey neeye fingering pannitu iruka Unga appan maari nee poda angutu poi oombu,1,1,1
Enaku oru aasai inga iruka nirya peru oda orginal photo parkanumnu especially u  amp  shakthi boy,0,0,0
Nura  twtz  Yow andha time Sathyajyothi last ah d kuda Collaborate panna movie maaran so andha situation ku apdi thaan keka mudiyum palaya tweet ah thedi kandu pudichu iruka yaruya nee         Vaathi  CaptainMiller,1,1,1
Mohamad Ex ak fan Nu sonna apo munnadi kutti kuduthu irupa pola atha enna sollura Unga aatha ipo evan kuda annupi vachu iruka vijay kuda va Illa surya kuda va Illa dhanush kuda va sk kuda va yaru kuda da,1,1,1
FZ Nalla manusahan tha athukaga namma ak va pathi pesuna summa iruka mudiuma atha,1,1,1
Sambavam weight ah iruka Poguthu       Kadharals ah ipove draft panni vachukongaa da small boys    Maaveeran,1,1,1
Un kaila thanda maname iruka avengers kang dynasty script a nalla writing panniruda samy,0,1,0
Kelambi avanga nattuku poda   Inga enna vengayathuku Kanda naayoda varala solli oppari vachuttu iruka,1,1,1
Nanum iruka romba nanri,0,0,0
Kaathukute iruka vendiyadhu dhan,0,0,0
cr pathila pesuringaley da     CR movie motha iruka da              po po poi vijay fans UM oomburatha paaru nga,1,1,1
Apdi orama poi oppari vai da Komali    Illana nerla vaa enga RSS office ku   potta Koli kunju ku andhalavuku thairiyam illa nu theriyum adha twitter la kambu suthittu iruka,1,1,1
Ahh umbuninga da nenga ungalu kuklaiye umbikuringa pola otha rubber punda vachi erukuravan la wig wig nu solli umbi iruka,1,1,1
yrs kalichu IV ponapo beach ponen pona August uh ipo marubadi craving for Beaches        Oru Thallosophile ah mountain area la iruka vekranga,0,0,0
Dei ennamo nee matum ambalai dra mair pesitu iruka en veetku varavan lam avala  Okkama  Ponathey illa,1,1,1
Vijay appan sonnathu neyabagam iruka,0,1,1
Paakurathuku paakava iruka,1,0,1
Dai yaara ketu da ivanunga kuda sparing potutu iruka ne,1,1,1
Yaruya intha comedy piece photo va thukitu suthutu  adei potta  unaku tha vekam manam ila   hathuku elathuku irukathu nu nenaikatha  na la Ajith fan ah thalaya kuda katta mate  vekam ye ilama tweet potute iruka,1,1,1
Eluthu oru nala vella kedaikurathu kula iruka velaya vidamatan nu eluthu,0,1,0
Bayangara Sombaaa iruka ya neee Un kaatulaaa malathaaaa,1,0,1
Gaaji ya vum Iruka,1,1,1
Iyyappa  Thambi ne inga thaan irukiya   ennaya un follow senji vechi iruka,1,1,0
FZ  Ethuku vekka padanu perumaiya solluven da ak fan Nu ak nadika theriyamala mela vantharu funda   paavam nee enna pannuva   avan olunga movie select panni naduchu iruntha avan yen ippadi   peru fan oda iruka poran,0,0,0
h  S         En heart la iruka open panava door ah,0,0,0
one of the worst food delivery partners  they are clubbing the orders who lives nearby and delivering food which causes delay in service  Change this crap and don't think that ppl r fool enough to do again  Idhula vera pakkathula iruka veetuku delivery chg,1,1,0
Andavar with his hairstylist Pradeep Nissanka Nish    Theeya iruka yaaaaa KamalHaasan Indian,0,0,0
sharath         Yena ulaga kuppa varisu iruka mothu athu kooda ethaiyum eedu sekka mudiyaathu,0,1,1
Yenga ooru olu vangi porantha devudiya maganey naa paatuka summa fun Aha thana pottan avnga cmt la nee enna devudiya athu ithukura ippadi tha Unga aatha vum road la pora enna v kulla kuptu unna petha athey maari nee UM iruka,1,1,1
Paadra ungalkye     rs na   Adha ketutu  inum uyiroda iruka engalku evolo,1,1,1
youthwing  Chennai  Innuma da oppari vachuttu iruka kothadima   Ungamma Gopalapuram kudumbathuku kundi kaluvi mudichittu veetuku varuva  Wait pannu,1,1,1
Perfecttwitz  Intha thandam engayu iruka matan athula,1,1,1
Idha dhan sonen sarkar la vara mari vitu iruka hair style nu,0,0,0
Space ilama than irukuradha Potrukan Space Vekka yaaru Ungoppana Space Kudupan    Lokesh Oda Carrer Best Kandipa Kaithi Than  Selva Odathu Ao Masterpiece Than  Idhu Rendume Unaku Therilana Inga yenathuku Mmbitu iruka,0,1,0
Ipo nee enna oombi iruka devudiya funda magan,1,1,1
Cr illama D movies Irundhuchu Atha vechu than Haters Aadidu pesidu irundhanunga Ippo Athum Vara start aaeiduchu      Kadharite iruka poringa da          Dhanush  Vaathi Sir CaptainMiller,0,1,1
neelambari Pls poi thoongu  Medicines naala nalla thookam Varum  Don t strain your eyes  Phone ah vechutu dhayavu senju thoongi rest edu   twitter n naanga inga dan iruka porom   Pls take good rest,0,1,0
Gomtha Onnumey Upto datela iruka maatre yaaruda neenga   CookWithComali Upload panuraaa,0,1,0
Nybagam iruka  AK,0,0,0
Dineshh     Reply panirye punda puluthi la potu dha pesuviya    un dp la iruka potta ajith nenachiya ipdila pesa,1,1,1
Tamil la iruka,0,0,0
off Enna da zombies kuda senthu bit padam eduthu vachirkingala  Atha kuda vittu vaikama Mandi pottu iruka pola,1,1,1
joel Pondaati iruka kelatu pundaya,1,1,1
Aana onnu da kothadima   Unga annanum neeyum orey vidham    Rendu perthukum romba chinnadhu   unga Annan paravalla kasu iruku polachikuvan   nee paaru ipdi aadu naaye nu  mbittu iruka,1,1,1
Aana romba pavam da nee   ungamma um vittutu poita   nee ipdi anadhaya twitter la pora vara aambala pasangala ella   mba kooptutu iruka,1,1,1
Edhu oru aattu kutty ah kooda vittu vaikalaya da  Romba kaanju poi iruka da kothadima  Oru nalla potta naaya   ya kalyanam kattiko   Adada adhuku andha potta naaye othukumanu theriyalaye   pulu size ah yaaru kattikuva sollu,1,1,1
Devil   Unala ungomma pendala    suma ooompidre iruka ajith msg vandale    poi angudu ooompugada thevudia pasangala,1,1,1
Devil   Yenda koothi manasthchi ilama poi puluguraiga nu theatre owners soldrainga nium pee pulugura   atha vidu sunni motho unaku adutha vela soru iruka collection pundaya pathi pesura   poi pee thunudu anna modulation pathu kai adichukoo,1,1,1
Nambala suthi aalunga irunthalum thanimai ah iruka mari feel panni irukingala sir,0,1,0
Gopalapuram veetla kundi kaluvi vitutu iruka kothadima   Olunga kaluvi Vidu illada kallalaye adichu ooda vitruvaanuga,1,1,1
Oh ho   ungammavoda koo va kilichadhu neethana   Gopalapuram veetla unnapathi complaint pannitu iruka  Nee evlo avasara pattalum ungamma late ah thanda varuva  Naa dhan sonnala  ava Gopalapuram veetla kundi kaluvuradhula busy ah irukanu  Wait pannu night uh varuva,1,1,1
is a hooman neraya seasons vera  iruka adhula,0,0,0
Siva Yennaya panitu iruka,0,1,0
Hasini maari  ipo iruka ponunga  cringe tha   panuvanga so  parama poi velayapathu urupada paaru cinema nadike mathiri iva venum ava venumnu solama      Dhanush na bless u annaya,0,1,0
Inna mame epadi iruka,0,0,0
aji Ena dimps   kushia iruka,0,0,0
Adei namma tamil sentiments mathri avangalukum Antha sentiments iruka da  even rishabhshetty  rishab denied to do this during his interviews  Cringe ku use panitu irukanunga adei  Cringe guy Pugazh  CookuWithComaliSeason  Kantara  Don t ruin sentiments and kill comedy,0,0,0
prasann Una Dan kalaika mudium enaku Vera yar iruka guys la friends,0,0,0
Anbuoffl Adhan ni book padichittala yen D fan ah iruka,1,1,0
Yoww   nee ajith fan ah Rajini fan ah    mentalans maari pesitttu iruka,1,1,1
Alien     Enna magane olaritu iruka,1,1,1
Devil    Anathama poi palvadi la poi alunga da dummy piece thayoligala    beast varisu nu soothadi vangide ungaluku monna punda pechu vera   pee moola iruka payaluga polampuga da nala,1,1,1
Eppovum thititu irupa inaiku sogama iruka adhaan,0,1,0
Epdra iruka,0,0,0
Village areas la iruka theatres lam  innaiku than Dada va release yea panranunga Innum   or   weeks solid ah Odum   Kavin Dada,0,0,0
Ithu enga Ivar iruka planet la ya,0,0,0
dmk  Apa dmk admk rendu perum velayaduringa mmm sari nengatha avanga konduvanthatha stop pannunga avanga open pannanga avanga open pannanganu solitu iruka,0,1,0
Watha ET Trailer Views Song views lam Pota oru Kulla Naainga Kuda Uyiroda Iruka Mattinga,1,1,1
mano    Dai unaku vera velaye ilaya da epdi da epa pathalum twitter layum iruka veetla TV um pakara OTT um pakara velai ku elam poraya ilaya  ila twitter la Rajini ku muttu kuduka soli unaku salary ethum tharangala   Ne podra tweet elam pathale yaru da Ivan paithiyam nu tha thonuthu,1,1,0
Kaathunu iruka,0,1,0
Apdiya  Even though I know many people who liked Vikram more than Kaithi and it has proofs like the highest collection movie of lokesh's direction and also in rating wise Vikram got more and highly impressed by many people  Un ista mayiruku pesuna ketutu iruka mudiyathu da baadey,0,0,0
vohra Innumada nambitu Iruka,1,1,1
little  Anniyan Average ah  Yamma enna ma sollitu iruka,0,1,0
Ungalala nalla irukanum     But ungala vida nalla iruka kudathuu    real life fact Dada,0,1,0
Eppa dei ennada ella padathulayum iruka,0,0,0
Off  Ama sollitaru          unga skin enna steel ah senchuvachu  iruka    naanga thirumpa  adichalum ungaluku pazhuthukum,1,1,1
little  Beast below average dhan  Romba biased a iruka koodadhu bro,0,1,0
SK     avi nash   Kartikeyan   fc  TFC  kuti      kamal name ila   yenda avara add panala     Yy haters nu caption la pottu Iruka la bro ipdi than teva ilatha vela panna haters varuvaanga,0,1,0
amalapaul  Dusky Amala   ennama iruka dusky katta,1,1,1
DEI WATCH PARTY IRUKA,0,0,0
Shriya  Super ah iruka,0,0,1
inthankena koothi twitter vittu poita naadu azhingiruma  enna twitter ivanala tha iruka pola   iva twitter irukarathukum DMK ethuku aaampidu irukanunga  kiruku koovainga,1,1,1
Kgf pathu Copy pani lusu tha na ma eadu thu vachi Iruka ga   enga orula release aagi   day's na nu en friend pona ga aporam one more person    peru tha ticket vagu na ga Ava Padam poda mata nu soli ta    Micheal atha ticket ah runbabyrun ku mathi vitu ta theater Kara,0,1,0
Birow link iruka,0,0,0
offcl Nala iruka,0,0,0
Enada ithu Saamiya iruka getup ah comali show la vachu  cookwithcomaliseason  No comparison required on the original   But ithu theva ilatha aani again from Vijay tv shit,1,1,1
Olunga paaru Unga amma THa Unga v la iruku amma va pannura alavuku gaaji la iruka,1,1,1
Jeichite iruka mudiyaathu ella time um ella seriya pogathu peak paatha actors  legends eh flop kuduthu irukanga  Thatti vidu,0,0,0
Nala iruka,0,0,0
Neelambari Pls poi thoongu  Medicines naala nalla thookam Varum  Don t strain your eyes  Phone ah vechutu dhayavu senju thoongi rest edu   twitter n naanga inga dan iruka porom   Pls take good rest,0,1,0
Ponnu iruka va,1,0,1
Nan inga dan irukan andha moodevi vara mata d whatsapp la dan active ah iruka anga vena gc create pannu,1,1,1
Oru fan oru light tha iruka veetla,0,1,0
manoj  Ora sombu mayama Iruka pola Manoj,1,1,1
Setha kiliku koondu edhuku da potta  Gopinath ngra pera oombinath vachuko  Eana already nee Gopalapuram veetla athana pannitu iruka,1,1,1
Chedii paki epadi iruka busya phone edukala,0,0,0
pulikesi     Adapavigala  Nallavey iruka matanunga,1,1,1
Epdi iruka man  Paathu romba naal aachu,0,0,0
en ex ena mayir ah kuda mathikala ava purushan kuda jollly ah ava early mrg days ah enjoy panitu iruka,1,1,0
Already reverse gear lo iruka better than ps,0,0,0
Mamae move on pannu ya   aththan bad story nu neeyae sollitiyae innuma antha ponnukaga feel pannitu iruka,0,1,0
Ivala la patha iva la paka theva ila   paru paka   mari Iruka ga,1,0,1
NS    Torrent link iruka,0,0,0
Bro wrk la iruka speaker vara mudiyathu,0,1,0
Ethu maari pesitae iruka oru doli elaiyae  lover nu kuda venam our frnd aa kuda oru doli ela,0,1,0
En pa     Ipdi walking vandhutu    Fast food sapdringale epdi pa healthy ah iruka mudiyum  Nanga walking vandhdhe idha sapdadhan,0,1,1
Tweets  Athu iruntha nee yen Ajith ku fan ah iruka pora,1,1,1
Ithu dhan indha thittathoda flip side   Varushathula ella naalum vayal velai iruka porathilla   Overall ah season time illadha naatkal ah pathu indha     days schedule panna yarukum problem irukathu,0,0,0
Athey tha nanu kekuran    peru maari iruka Unga appan maari illa ithula oru Kelvi Nu thukkitu vara Unga appan ta Unga aatha ta intha Kelvi ketta eppadi iruku nalaiku unnakey mrg agala apo ippadi ketta unnaku eppadi irukj,1,1,1
Enga iruka korangu,1,1,1
azeem Unga  offl anna ooru la iruka girls id ha pathu intha mathri azeem support panni abusive panna sonnara ha  Sollu pa kettudalam  Suriya va tag pannithan kekuran,1,1,0
Evalo cuts tha vachu iruka,0,0,0
off     Iruka naala thaan solren D kaprm STR thaan   athan bitter truth,0,1,0
Maturity to Mee Dei nan vanthathuku apramum nee apdethaan iruka,0,1,1
They removed this promo will remove this content for sure tomo  Adei namma tamil sentiments mathri avangalukum Antha sentiments iruka da  even rishabhshetty denied to do this during interviews Cringe ku use panitu irukanunga Cringe guy Pugazh  CookuWithComaliSeason  Kantara,1,1,1
ShwetaMohan   Idhu full song iruka,0,0,0
arjundas Enga vetu pakathula iruka clg tan,0,0,0
Raguram Nee solradha yaaru kekaranu twitter la oppari vachuttu iruka dance master   Nee evankooda searndha engaluku enna,1,1,1
Naa ipo varaikum pussy na poonai nu tha nenachen     Yen vera ethavathu iruka,0,0,0
Vetrimaran poola poitiya da     tc vaathi ungoppan vetrimaran ah eduthan   intha oolaiye pudichi inum oompitu iruka  vera ethachum eduthutu vanthu en zip ku vaai vai en poola un vaai ulla vitu aaturan,1,1,1
Jathu Unga kita irukadhadha na engakitalam iruka pothu,1,1,1
Na vaathi oda tshirt la iruka puliyoda kannadi ya paakuran    vikku mari kannadi pootu irukeyyyy,0,0,0
Off Inga iruka poruki thinra Ella trackers naingalukkum soru pottu valakira periya nai vijaynrathu unakku theriyala pathiya,1,1,1
BALA   Yaara nee Mutta bunda Maari Pesitu Iruka  Avan Avanuku Ethu Pudichi Iruko Atha Than Vilayduvanga Loosu Bunda Maari Pesitu Iruka,1,1,1
Pinkvilla post iruka bro,0,0,0
Adei madaiya kooli velai ku Vara vadakkan's elaarum   madam kalichu unnoda akka thangachi chai ah parichi kola panitu jolly ah Avan oru ku poi settle aagiduranga   Ni muttu koduthutuu iruka   sangiSpotted,1,1,1
queen na character nalladhaan irundhu aganu  illena yaru respect panuva  queen na ve iruka modiyadhe   i cannot stop tactics  good tactics may also be there  until i know whats tactics,0,1,0
dmk  Pacha sangi ipo atchi la yaru iruka  TASMAC ellam mudiyacha  Kothuadimai Vella nalla pakura,1,1,1
in Link iruka,0,0,0
nan Kadariey saavuda jaari veri tayoli   Eppadiey kadari kadari seeman ku suttu nakkitu iruka vendiyatu taa,1,1,1
Ipo problem illa macha     Athaan ne iruka     x machi irukaan    Alien    intha chinna koothiyan irukaan   onum problem illa,1,1,1
This guy  tamilnadu la Iruka matha Ella theatre la um nee venum na neraiya collect pannirkalam aana intha   theatre la naanga than di      Jailer,0,0,1
k Dai Ara mental enga post la nan pannalam da nee than sanghi dalda dappa veiche ketu Inga suthitu iruka  Enna annamalai jiii product Vera level mutta piece ha iruku,1,1,1
S    Aish fanclub la vacancy iruka,0,0,0
Cruise off   Oho  Ada dei love naa ivlo public ah iruka koodaathu privacy varaikum kaatitu  Ivan handle la nerayaa ponunga photo iruku poi paaru,1,1,1
kamaraj Vote podatha bro unagaluku pudikalana   dmk matrum athan tholamai katchikum nexr time   yaru ithukulam serethu poraduvangalo avunga kuda travel panuga  nan en thalivar mela iruka patrula polambitu irukan,0,0,0
Adei padma inu oditi iruku nu katuna  ni etho rohini ah vachu pesitu iruka   matutavani boys    th day le leading agi mothama gali agi inu comments epdi ya paniriga   vekam ila  next film ku promotion ah,1,1,1
High end products ku thaan ads la rate sollamataanga like benz  audi   Orae brand car  normal maruti ads la rate irukum  nexa ads la rate irukaathu Phone ex  iphone    ku rate poduvan aana    max pro ku pottu iruka maatan,0,1,0
Enna sachin bro enna mariye iruka,0,0,0
Aprm s  pakkamaiya s  papanga ennada mutta thanama pesitu iruka,1,1,1
dmk Dei kothadimai Naya manasache ilama pesatha    ne tha atchi iruka enga raththu panu parom    mudiyathu ila,1,1,1
So cool     Vaathi kannadiyum tshirt la iruka kannadiyum same to same   Vikraman  VaathiVikraman,0,0,0
Una madri actually iruka mudyadu theryuma    You trust and love everyone    Romba deep ah avangala analyse pani judge panradhu illa   You behave based on what you see  apo apo influence mattum aidra  But neeya mudivu pana you like people for who they are,0,0,0
Shuffle aagi iruka,0,0,0
vfc  bro replay pandrathala than eppadi pottu iruka  avanuku comments la athikamma varuthu  adutha  tweets ku ethu react pannama irungalan avannea poiduvan,0,1,1
Rajini vijay mutual evanum iruka mattan,1,1,1
Mams yendha season pathutu iruka,0,1,0
Un vaaila rubber vechutu iruka pesama oombitu irundhiya ajith madhiri eh irukinga potta aatam,1,1,1
perk Enga da iruka,0,1,0
Brother   apo Iruka nelama vera   ipo Iruka nelama vera   business inum apdiye va iruku    big star ooda movie epo epidi vandhalum oru MG irukanum   adhu ipodhiku Vijay ku matum dhan iruku IMO   best eg  beast,0,0,1
Nanba already neenga solrathala panitutha iruka but no use,0,1,0
Gnabhakam iruka enna,0,0,0
Me to me   Silanal Nalla jolly ah iruka  Sila nall sogama iruka  Purinjiko machan Love yourself,0,0,0
vachitu naane vaangalam iruka go ahead,0,1,0
expiry   Adiyae AK thatha innum ha da usiroda iruka neeyalam,1,1,1
Avanum adhe dhan vara maatan vandhalum effective ah iruka matan,1,1,1
Arumaiyana uruttu   antha report varadum athukutha nangalum waiting   unga munchula kariya poosa    orediya polampiday iruka kudathu,1,1,1
Intha Mathiri ipo oru Movie pananumnu aasa irukum but mudiyathu Avara suthi Iruka Business antha alavuku agiduchu,0,1,0
Ajithian   Ithuku pinadi iruka arasiyal romba peru   Already ne keta kelvilaye evlo koomutanu theriyuthu   Ini peasurathu waste     unaku etha mari karaikudi pakathuna kanadukathala irunthu evanachun varuvan avan kuda peasitu iru   mute,0,1,1
Nee enga pa iruka athula,0,1,0
SK   adhu ponna iruka vaaipu illa bro    yetho fake,1,1,0
percent nalavana laam iruka vena atleast keezha potu methikama irukalam,1,1,0
thangam Subaa   Ivangaluku puriya veingalen   Ne urupuda matanu soldrathu vera   Road la iruka nai ha kulipati nu mention pandrathu vera    athu purinja than ungaluku ena sola varanganu theriyum   Concern iruku than ana atha avan entha parvai la vechirukan ndrathu mukiyam,0,1,0
BindhuR  Ne thedum nenjam naanaga iruka koodatha,0,1,0
Eluthu temporary happiness vachu santhosama iruka mataenu eluthu,0,1,0
Pinnadi Iruka Pani ah vida bright ah iruka thala,0,0,0
Modi oda fake propaganda kum intha erode bye election kum enada samantham  anga iruka makkal komutta nuh nenachu pesuringala   ipo Samantha ilatha topic neenga thaya pracharam panringa,0,1,0
h I always love you    kalailaye edo kadupa iruka pola,0,1,0
Kitchen la kooda women dominance iruka koodathu nu Cooking kathukuravan than da unmayana Misogynist,0,0,0
ethana states pathu iruka,0,0,0
Introvert nu bio la change pannala iruka,0,1,0
Job vacancies Iruka sollunga akka,0,1,0
Dei loosu Anga Brahmins irunthanganu than solren   avarum athan ketaru   loosu mathiri pesitu iruka,1,1,1
Full record iruka,0,0,0
Joker DC la ipdi yethum Iruka,0,0,0
Veera Simba Reddy tamil la iruka,0,0,0
Eagle     RithiVJ  Na iruka,0,0,0
Muthumai kaaranama naanum sasikalavum court ku varamudiyaadhu nu vaaidhaa ketadhu     maraindavargalai thappa pesakoodadhunu irundhaalum   neenga chumaa iruka maatringq,0,1,0
Lokesh      Bro indha paiya oda page link Iruka bro    Vera level sambavam pannirukaru    Subscribe panna and avaroda more videos pakka  wait pandra,0,0,0
Apdi oru katchi iruka,0,0,0
Thank you   NCD la lock in period iruka  Can I withdraw in between  One more doubt is that income is taxable,0,0,0
Ne enna maithuku arasiyala iruka ne panu,1,1,1
Nee innum irukumbodhu naanga iruka enna,1,1,1
Man   Insta account innum active ah iruka,0,0,0
Tharani   VTK Nayabagam Iruka  Epdi Tha VTK Audio Launch La STR Vararunu Producer  Ku Tata Kattikittiu Irunthom,0,0,0
Off  Nee ipdi la sonna mattum sottayana polakaama iruka poradhu ila  Jailer varatum  aprom dhan main adiye iruku,1,1,1
Ellam pics la iruka date paatha theriyum  ni oru agmark aamai nu  Leo,1,1,1
Unaku family la iruka,1,1,1
ABISHTU D Ku Kunju Iruka,1,1,1
nerdy   Dei echa   Thaalvu thailee   Pesran paaru pechu   Silra koodhi nu nee pesradhulaye teridhu   Una ellam vechiruka vendiya edathula crct ah vechirukanum   Adhan aditu iruka   Konjam poru,1,1,1
Oorula iruka elaarayum vambuluthu sanda seirathu Aprm Twitter vara maten solitu thirumba vanthu depression status podrathuku  Life ah paaru bro    Real life persons kita mingle aagu  inga verum than varum,0,1,0
Naduvula   nu pottu iruka la musk paiyan name um indha maari dha number oda varum adha doubt,0,1,0
Iva epdi iruka pachiya solunga,1,0,1
Twitzz  Twitzzzzz  Unaaa apadi sumaa iruka vituduvomaa naanga ingaa vaa d unaku iruku,1,1,1
please fix twitter da mixture vaaya  nalla kutharkama tweet ah poduviye ipo enna paninu iruka,0,1,1
Yow ne ennaya vanmatha kakkitu iruka unaku pudicha nadigar ra kondadu ya   en innum ipadi irukinga,1,1,1
Intha nambikai ilathanala thaney avunga thanichu iruka palagitanga   oru murai sudu pata manam epadi bayam ilama thirumba antha uravukulla poga ninaikum avalo easya ellathiyum maranthutu,0,1,0
anbue   Arunvj    baanu  jasmin        JD        Unga tweet error    Celebrity iruka vendiya iduthala small ur varum broww,0,0,0
Thoothukudi ku ethum vela iruka,0,0,0
INDvsAUS   Australia won  Great match    India played well but win panni iruka vendia match,0,1,0
Naanu paathan  Tdy dha iruka idhu,0,1,0
VK     azeem  Eppa nenga than fame pitchai edu ka vanthu tu Inga ollaritu iruka  Fame pitcahi eduthu thu Unga azeem fans than pa,1,1,1
Inga iruka vendiya aaley ila da nee,0,1,1
TeaShop open pannu bro  IT Companies Adhigama  Iruka Side  Neeye Ukandhu Vela Paaru    Then Neeye Raaja Even Yaaraiyum Edhir Paakama Olacha Nalla Padiya Irukalam,0,0,0
expiry   Nee poranthathu vera oru pundai ku unga anna vijay poranthu oorula ellarum othu thaaa potanthaan unga appan ulagathula iruku ellarum othathu la poranthaaa nee unga amma va othu un thambi poranthaa un thangachi sevvai kerakathula iruka aliens porathaaa da ulaga thevidiya family,1,1,1
Lawrence  vasu oda touch ithula iruka  scene,0,0,0
kuzhals   Except few  age la maturity ah iruka vaipilla   andha few also will get maturity based on experience in short span of exposure to variety of humans Now it's probably due to digital yugam more exposure is happening to children,0,0,0
Enda epa pathalum thaniyave iruka  Na thaniya illa da ena thaniya aakitanga,0,1,0
SK  Yow summa iruya already kaalailaye ippadi tweet pannaa  ippo nee vera ippadi pannitutu iruka,1,1,1
offl Yow epdiya mayonnaise pidikama oru piravi iruka mudiyum Naan hotel ponaley mayo enga unlimited nu pathu dhan povaney,1,1,1
Mutta pasangala  Reincarnation  concept iruntha athu Mahadheera va      Apa love concept iruka padam ellam Alaipayuthey va  Story and screenplay matters  Setha anathaama kedanga da clownu kyooties,1,1,1
Aaana onnu   trophy adicha MI kooda ivlo thenavetta iruka maatainga,1,1,0
Innaiki match fullave TeamIndia oda fielding romba mosama iruku     st innings mudichitu dressing room la enna pesuvanga    especially Semi Finala iruka appo  staraikelungal starsportstamil,1,1,1
VK   azeem  Innum ha da bb content hae urritu iruka eppa nenga romba danger pola,1,1,1
Indha pic Hd Iruka,0,0,0
VK  azeem  Unagala mathri fame pitchai eduka mattom da dalda dappi  Iruka fame hae pothum  Meikura thu eruma ithula enna perumai unaku,1,1,1
moodi tu iruka pondati ni deserve panle da   pilla,1,1,1
Athu padi iruka kudathu mams audio launch la apo tha ithu perusa therinchu irukum,0,0,0
RockySk Road la poravan ta vangi kudichu kudichu munnadi pregnant ara alavuku veengi iruku pola seri seri Gundu koothiyan enamo hit kuduthu nakkuna maari inga vandhu nakkitu iruka,1,1,1
kmr   VK  azeem  Yaru da ambi gif la viku kanniyan veshathula iruka madrilay iruko,1,1,1
RockySk Tamilnadu thanduna yaru nu teriyathavan la tier list laye iruka matan daaa Pesama dalaya bike vlog panna sollu intha vayasu athu mattum tha mudiyum gundu pundaiku,1,1,1
Wikipedia la lam indha movie Parthi iruka a,0,0,1
Deii boomer kulla proof proof nu pesura nee unga appa amma ku tha poranthanu prooof iruka thailleeee,1,1,1
RockySk Arivu ketta punda pesa teriyama CP panitu suthitu iruka chiii odi poda punda mavane,1,1,1
azeem   Aprm yaen da en tweet la kadhirutu iruka lusu vittu poga vendiyathan hae,1,1,1
muzhu chandramukhi ya maari iruka nama Rajesh ah parunga,1,0,1
avi nash   kitty Appo nee edhuku vro iruka,1,1,1
Nee ean kothadima oppari vachuttu iruka   Adhu avanga katchi oda personal matter,1,1,1
Na summa irunthalum   ne summa iruka mata macha,1,0,0
avi nash  Ayalaan lam release aavum nu nambikka iruka na,0,1,0
Maaveeran Ayalaan SK   SK VP      padam kanaku crct ah iruka,0,0,0
meedhi iruka moonu padatha vida kammiya dhan bro pudikum,1,1,0
Dei Netflix iruka,0,0,0
thala itha dhan nee   masama sollitu iruka  i really admire your political knowledge,0,0,0
Athu therinja naanga yen ya amaithiya iruka porom  apdi therinju iruntha twitter top trending la irunthukum    Epotha announcement varum,1,0,0
Raja rajacholzaroda perana pa nee ila entha natuku raja va iruka,0,0,0
Failure story nu potathala than padikave start panna success nu potu iruntha paduchu iruka matan  Yappavume failure story la than oru interest iruku,0,0,0
erode east election area la iruka ellarukum ithe mathri  Raja  life than DMK kudukuranga nengalum ponga ungalukum kedaikum   Election varaikum nengalum Raja   than,0,0,0
Nee eanda oppari vachuttu iruka kothadima   Adhu avanga personal matter,1,1,1
Maharaja Ne inum polaya  kolaichutey iruka biscuit venuma,1,1,1
surya    Tweets  Enada Sound Matum Kekudhu Aala Kaanum Anil Punda Dai Enga Iruka,1,1,1
Nallarkum na  Oru   pasanga iruka gang  kola seira Vela   oru payan amaithi hero    ponnu ooma  heroine   Ivanga rendu perayum sethu vaika frnds try panni sanda vanthu sethuduvanga  hero avangala kola pana poi sethuduvan  Antha ponnu thaniya railway station la wait pannum,0,1,0
rg  Athu epdi da katchi la iruka ellarume ivlo thathi ah irukinga varalaru kooda teriyama first poi athelam terinjutu vandhu aprm     rs ku naaka thonga potu thiringa ipdi,1,1,1
tweetz WWE paakran pola avlo vettiyavaa da iruka,1,0,1
SemayA iruka,0,0,0
Enga area la elar veetlayu garden maintain panuranga  Iruka konjam place la,0,0,0
T    nataraj   Adhu onu dhan iruka   vera ilaya,0,1,0
Enga side Keka vendiya avasiyame illa Bro    Andha page arambichadhula irundhu pona Superstar bday varaikkum ungalukku support thana panitu irundhuchi andha page    Oru limit ah thandi pona    followers Iruka id oo    k Iruka id ohhhh  React Pani dhan avanum,0,0,0
Bro brain la iruka vungaluku  Nethu chila release aagiruku so list la iruku  Athum views la patha eangala vida kammi ah tha irukum  Chuma vai eaduthu vanthuruvia bro  Paithiyama Ivan ngra feel tha varuthu vuna paatha Leo,1,1,1
Unga fans in quotes ' adhu Ajith ah sonaru ' Neenga ' Suriya nu sandhegam '  Yaarra vena irukatum   aana athu vijay ah Iruka kudathu   ipdidhan Iruku neenga pandrathu,1,1,1
En manasula iruka barame koranjuruchu,0,0,0
Rajini ku blockbuster iruka,0,0,0
Maharaja Dey yen da naai maari pinadiye vandhu reply panitu iruka    dha chi po,1,1,0
Thiruttu theeviravadha DMK la iruka nee pesadha pechada     Adipom  mbuvom nu pesitu Kadasila bayandhagoli DMK boys tweet ah delete pannitu ooduna kadhai ellam theriyadha,1,1,0
naan mean pannadhu en following la iruka SK mutuals ah other actor mutuals illa  Unwanted fight pannitu irundhanga,0,1,0
Edukuthu Heroic movie tamila iruka iruntha link venum,0,0,0
SK na cameo iruka illaya Rls date,0,0,0
Indha interview link Iruka,0,0,0
Nenga indha poster la mention panni iruka endha theater la yum booking open avala and movie podala    Total ah chennai full ah   show dhan pottu iruknaga     what's the issue    Ivalo mosama release na pathadthu Ila     Thugs,1,1,1
Graham potter   En magic iruka bayamen adutha stop ICU ward thaan,1,0,1
Maharaja Ne dha da vandhu kadharitu iruka Inga mental thayili   yen ipdi kadharura,1,1,1
Navv Danny anna Marvel movie lam iruka na   Periya aal poliye ne Singam,0,0,0
Emarurathuku makkal iruka varaikum pori namathu pogathu,1,0,1
Ithan ivanga kita iruka prachana   Ipo nee nalla irukurathala antha ponna avanga appa amma un kita irunthu pirichathu sarinu agidathu   anthaluku tq vera   nengale ipdi enathayachum nenachi manasa thethikurathukaga ipdilam lam potukitu irukurathu,0,1,0
Ipo lam yaru apadi iruka,0,1,0
umar    offll I don t think so velinaatukaran low cost labor demand iruka varaikum inga ela IT industry work aagite irukum,0,0,0
MA Fighter Id still iruka,0,0,0
Nice bro   anga Indian shops lam Iruka,0,0,0
Thevdiya payale  Link kaami da  Nee claim panrathuku proof iruka daa naaye,1,1,1
Modhala unaku neyavagam iruka ne yaru nu,1,0,1
En manasula iruka barame koranjuruchu  seri enga ipdi unpopular opinion solli oorula kadichi vekka poranga nu dhaan pesave illa,0,0,0
Gumunu iruka,0,0,0
Praveen   ithulam yaaru soldranu paatha  pathu thala oompu thala nu D fans kita poola oompitu iruka sombhu koothiyan fan oru poolum aatala ivanunga D ku competitor nu ooru fulla oompitu varanga ootha oru record mairum kedaiyathu keta D ku competitor nu D fans poola oompa vendiyathu,1,1,1
Dei sunni   fan punda ilama thana thunivu la serupadi vangitu ukanthu iruka  inu vekam ilama pesitu irukan   naga le compare panrathu ila   Vodafone dog mari pinadi varathu mudevj,1,1,1
Enna da olari kettu iruka beak uh koothi badey olunga pesuda       Son of gun chuthiya  Punda,1,1,1
perk Varalaya nee paatha   Vandharajavadhan varuven padathuku banner la iruka simbu fans kuda varalaye,1,1,1
Ipo than Manasu la iruka Pain la pona madri  oru feel Tks Bro    Endrum nan MakkalNayaganAzeem  Fan,0,0,0
s Entha Mari anupavam iruka,0,0,0
Idhe mathiri few years back  naanum WhatsApp chat Inga share panne  en team la iruka oru paiyan comment la vandhu  boss ningalaa idhu nu shock kuduthutan,0,0,0
Tire   irunthutu vijay ah oomba vara pun   po dhanush sk soothaduchutu iruka unakku avana beat pannu po,1,1,1
Stan  Unnala movie ripper kitaiyae pesiten da    vera sunnxt iruka nu ketruken papom,0,1,0
Eppoda nu iruka nee,0,1,0
Indha maari iruka virumbhuguran   idha bookmark panni CSK vs MI match appo thookitu varan,0,0,0
Crct rmba kaduppa iruka,1,1,1
Ajith varapa kootam iruka pic podu da,0,0,0
offl Yovv ennaya ore gaaji ah tweet potuttu iruka,1,1,1
Annan oru vartha Sona Tamil Nadu la iruka ennamadri ntk katchi ilatha pilaigal pathukapukaga Annan pinala nippom,0,0,0
FZ  expiry    offl   Piyaan ah seruppala adichathe Avan than  aana kuda Avanunga thayavu illama pozhappu ota mudiyathu nu vekkame illama avanuku madaki pudichi mmbitu Iruka,1,1,1
Unaku manam rosam iruka,1,1,1
Morattu reverse jinx potutu iruka polaye,1,0,1
Ithey app la suthitu iruka,1,1,1
aang   Yennaya pikkali thanama pesitu iruka pikkali thanama,1,1,1
Athreyada offl Anna saapdrathula enna puthusa Iruka poguthu     Just troll avlo than athum fans ah than   free ah vidunga,0,0,0
Yepdi iruka,0,0,0
Answer iruka   Duplicate certificate dei  k   Sombu thuki    BJP,1,1,1
Kartikeyan   Edho Iruken Madam  Enna Nyabagam Iruka,0,0,0
Space podra Idea iruka da Junni,1,1,1
Lusu munda Move on aanalum enaku puducha actress photola simp panna dm pannitu iruka     Ivala epudra kandukama vitta  lusu koodhi dinesha nee,1,1,1
BEmech Good when they come enaku clients iruka oor lam inum varala    Soon,0,0,0
Stray dogs should be controlled   neutering   put down   adoption    Should be combination of these    Illana ipdiyae kadi vaanginu iruka vaendiyathu thaan,1,1,0
Nee Nalla Dhan Iruka,0,0,0
Prince   Ni than da enaku mmbi vitutu iruka tata salt mavane,1,1,1
Epdi Iruka,0,0,0
tweete     Lyca Tweet Iruka,0,0,0
Nethan clg life enjoy panitu thana iruka,0,0,0
Sari athuku ya thalaivar ah side la pottu iruka antha wigmattayana top la pottu vachu iruka,1,0,1
Maharaja  Rajini ku pudicha aalu    kamal mela iruka vanmatha solava venum,1,1,1
Deii kulla inuma da nee muttu kuduthutu iruka   poitu     cr ah adinga da apro intha pakkam varalam,1,1,1
ethuku    Crs nu katharitu iruka,1,0,1
Idha dhan kaalam kaalama school la iruka aayanga pannitu irundhanga   The western world is just catching up with it,0,0,0
Unaku yena pa jolya iruka,0,1,0
Ila en mandaila ena kena punda nu ezhuthi iruka,1,1,1
Lokesh  Offl Anga ungalala pathi Onnumey sollalaye  aprm yen Rolex nu Umbitu iruka,1,1,1
sivam   Nala iruka,0,0,0
Rajeshlms  Annna  link iruka,0,0,0
Next padathu director iruka    Illa  Ambala nu per iruka   Illa  Kuzhandha kuduka vakku iruka illa   Illa  Vijay kuda clash la jeichiya   Sethalum illa  Vaithula Thoppa iruka   Iruku  Killa rubber iruka   Iruku  Apo eluthu Ajith edhukkum vakku illadhavanu eludhu   leo  thunivu,1,1,1
Anna neengha director nu yaaro ungha aaz manasula poondhu nambha vachi iruka Andha idhula paa Ranjith vetrimaran maari selvaraj ku competition Vera,1,0,1
AK   innum official ah yedhuvum varala da Kulla Baadu  Ungala Madhiri Ool lam Vida Theriyadhu  Onnum illadha Kulla Thumaiku idhalam    Kuda Unmai Iruka Vaipilla da,1,1,1
tweetz Neethan mendol maari ipo kaththitu iruka,1,1,1
Offcl    Lokesh Idu paru ungamma   I've Pani sani Mari iruka munji paru ungamma,1,1,1
dhoorathula irundhu romba azhaga iruka dhevadhai ku nalam virumbi avlodhan     she s beautiful not just because the way she looks  but the way she behaves,0,0,0
Ni oru mental   nu prove pannitae iruka,1,1,1
Riya va video calla pathu kaiyadika kunju iruka da unaku avale una mutti setha punda sollita poitu thookula thoongu da  punda,1,1,1
Unaku mattum romba iruka bro     Unnoda tweet la ethanayo half boiled tweet iruku   mothalla namma kannadi munnadi paathu sollitu aduthavanuku advice vengayam ella sollalam bro,1,1,1
Offcl  Boozer Ipo iruka mb nilama adhaan,0,1,0
Unmaya Sona yen kadharura  Avamanam ah iruka  Orama poi azhu da amai,1,1,1
Top   la Iruka movie  Adikadi maarite irukum,0,0,0
Enaku varisu deleted scene venum adhu iruka nu sollunga,0,0,0
cr ku proof aamaiku iruka,1,1,1
Gomma kita kelu da  ava than Sottai kooda iruka,1,1,1
BindhuR  Survive pandradhu romba kastam nga    nammalala angalam iruka mudiyadhu   paaka asaiya dhan irukkum but winter will kill us there,0,1,0
h   ne Ena inga aludutu iruka unaku enachu,0,1,0
Avunga apdi irundha namalum apdi iruka koodadhu bro,0,0,0
Nani birthday spl edit iruka    bro,0,0,0
tweetz  What a response  Adhu terinja Edhuku Unge kitte vare porange  Ungaluku edhavdhu kalatre vele iruka,1,1,1
When someone says  En machan single a  iruka   commit agidu life jollya irukum  getha irukum   Le me,0,0,0
buddy chennai laya iruka,0,0,0
Kulla baaduku   cr oompa vakku iruka da   ne ellam oompa vanta,1,1,1
Namba ena senji irukomo atha soli vote kelunga Bro  inum antha generation la iruka pola neeum pesitu Avan adhu panitan edhu panitanu,0,1,0
Adatum vidunga konja neram jollya irukatum   ipo iruka pasanga lam mobile tv laptop ney irukanga   intha kolanthayachum veliya vanthu vilayadatum,0,0,0
Sun nxt water mark oda iruka,0,1,0
Poi complaint kodu naaya thuppu iruntha Inga vanthu kaathrikittu iruka,1,1,1
Yaara ne  writes  pona jenmathula gay ah perandhu en kunja sappitu irundhaya ena  Un kooda la interact panadhu kooda ila vidama aludhutte iruka,1,1,1
Tamil iruka,0,0,0
Chennai la iruka elarum safe pa iruka,0,0,0
BindhuR            Ippadiye usuppu ethi vidunga   thala erkanavey hit list la iruka pola   takkunu comment ah Maathi naan appadi dhan da pannuven sollida poraru,0,1,0
Vazhkaila oru thadava kuda jootha muditu irunthathilla   ini iruka porathum illa,1,1,1
Dei eppa filmfare eh vangiyachu nee ennada    varsham delay la vandhu korai soltu iruka,1,1,1
Yov Admin uh Neemattum than ya enmala pasama iruka time ku crct aha sapda solli notification Send pannidura  Nee enga iruthalaum Nalla irupa ya,0,0,0
Pala varusham ah kuppula iruka ninga yenda kuruka varinga,1,1,1
Guys intha tweet la yethum tappu Iruka,0,1,0
Suriya    ethum update iruka bro,0,0,0
Unna neeye soliko pundamavane negativity spread panitu iruka Kena Kudhi Punda orama Poi Umpu,1,1,1
Boss Bakrid      is my guess    Maaveeran vs Agilan ah iruka neraya vaipu iruku   lets wait and watch,0,0,0
Enoda old side lam nabagam iruka nae,0,0,0
Mens clothes la avlo discrepancy iruka enna,0,0,0
Already rendu kanathulayu naalu naalu idly adakitu iruka,0,1,1
Ellarum polambitu iruka post la vandhu  oruthan mattum flex pannitu irundhan,0,0,0
Sk vachi poda theriyum fan fights lam vendam nu iruken   Athu yaen ena vida elder ah iruka avaruku puriya maatinguthu,0,1,0
Namma    ovr apdi ipdi nu aaduna kooda last over la neraya game jeichom adhuku kaaranam Namma batting Hussey Faf Jaddu  Ms Raina  Ivangaluku adhudhan polappe Namma team la  Bravo edhadhu oru match dhan apdi aadi irupan adhu kooda naama nambi iruka maatom,0,0,0
Ne dha da ivalo Avalo nu Vaai Vittutu Iruka  ne Sollu Aprm Na Soldren,1,1,1
Election commission iruka,0,0,0
Ne oru girl ne ipdi Dan irukanum    Idha Dan pananum nu na rules LA poda maten  Ne independent ah iru      Oru time relatives avarkita Ena unga ponnu ipdi pesitu iruka istathuku iruka neenga kekardilaya nu ketaduku  en ponna pati enaku terium nu oru statement Dan sonaru,0,1,0
swiping on left on these hot vadak boys thinking they are way too over my league  only for me to receive  You missed a potential match   Match aanalum oneum kilichu iruka maaten  so is coool,1,0,0
Nalladhu seiyama rendavadhu vaati PM aaki iruka maatanga  neenga nalladhu seiyama dhan ungala rendavadhu vaati aatathukey serthukuradhu illa  finance min serupala adicha madhiri badhil solla start pannadhum soodu vecha madhiri therichu odura gumbaluku pecha paaru,1,1,1
ennapa ellarum thidirnu ipdi kilambureemka urutta iruka pothu,0,0,0
Aadithya  Ne enda mutta kothiya iruka athan da prechana,1,1,1
Ena panra madam DMK Mari sapptu unaviratham iruka num,1,1,1
paravalaye inu nyabagam iruka,0,0,0
Paatta Intha print la full movie link iruka bro,0,0,0
Prime la iruka,0,0,0
Thappu panranga bro intha Dhanush  Simbu lam padam nalla kuduthutu atha nalla business panna matranga   ithu romba thappu  Sumara iruka SK movies lam collection aagum pothu ivangalukku lam inna kora,1,1,1
Konja neram sandhosama iruka vidringala da,0,1,0
deii unaku arivu iruka illaya da,1,1,1
Ne inumaaaa itha urutitu iruka    yabaaaa ulaga Maga nadipu daw saami,1,1,1
Jana Governor tweet keela Iruka comments parunga oruthan TRB Raja ah tag panni  sir arrest him  nu potu Irukan,0,0,0
Ada paadu pasangala oruthakuda va road la iruka mattanunga,1,0,0
expiry   Oru    ruba thiruttu pona kuda anga Iruka ellam santhega padra moonji ah vechitu nee pesriya da A IdS thevangu    Suriya,1,1,1
Alien      Adiye Anil sotta koothi enaku pesa theriyathunu soldriyedi oore ootha itemku porantha  uh ushhu thevidiya Munda naa sonna varthaya nee soldriyedi apo unaku mattum pesatherithadi thevidiya Munda     nee ennoda entertain di naa free ya iruka timela una opa,1,1,1
Ithuku proof iruka Loosupundai iruntha kattu illana nee oru,1,1,1
Pasanga olukama irukanum nu padam eduka thuppu iruka unaku,1,1,1
Naa deputy manager da Sunni  Anil kuchian nenachaya kotha  En pola pudichi sappu appothavathu arivu punda varum  engineer ahm nee innum oompittu than iruka,1,1,1
evarae photo edupara evarae oru account create panni athula poduvara   ketta yennoda fans yenmela iruka athitha pasathula fan page create panni avarukae theriyama photo eduthu poduraghala   unnaku vantha Ratham  Mathavaghaluku vantha Thagalichuti,1,1,1
ivanuku dupe lam iruka,1,0,0
movieholic  Karthick Neyum en vibe la dhn iruka,0,0,0
Oh innu    varusham iruka     Talk to some one in early twenties    Today is tat    years,0,0,0
rg Full video link iruka,0,0,0
strr Ne dha ela aunty number um vachi iruka,1,1,1
Enna takkunu U certified maari suthitu iruka,1,0,1
Adhuku neega Inga iruka yaravadhu nakka kupudanum,1,1,1
MA Fighter   Lokesh Yaara nee daily koovitu iruka,1,1,1
Enna Mr  Thirumavazhavan    akka Kaal la seruppu iruka illiya,1,0,1
TN la SK Beat Panna Vakku Iruka sa Kulla Thuma,1,1,1
Ennana iniku overtime pathu kadichitu iruka,1,1,0
Aparam epadi theriyama iruka,0,0,0
Ohhhh kilamburadhula ivlo iruka,0,0,0
SuriyaFC Ivalo place la Kullanuku Strong ah Iruka  Seri Aprm yen Innumum SK Kaaluku Kizha Irukinga,1,1,1
ne en da inu bhoomi ku baarama iruka,1,1,1
me  Hema Pic   iruka  um favorite,0,0,0
Aprm ena pundaiku quote panni iruka  Quote panna unoda tl varum kuda theriyathu thariku anil la irukiya da,1,1,1
ada mada punda   naa Tamil dhan otha      nee dhan bio la Telugu marati nu oombitu iruka,1,1,1
Manusan vaazhndhaan ya Idhu correct ah iruka,0,0,0
Ungomma soothulaya vro proof iruka ila gunivu maathiri unga dala vada suda poriya,1,1,1
Unga olukam velakenna ennaku northeast ponnunga kittayum kashmir makkaltayum ketta theriyum  Entha thairiyathula oru makkal thernthedutha governmenta meraturanunga  Ulagathula iruka Ella military karanum orey marithan,0,1,0
pharmacist   Intha Beauty parlour paradesi mava pakka DMK hatred vachu serupadi vangitu iruka,1,1,1
Yes bro   got an option to move there but tax kagave venaam nu solitean  Just almost     salary angaye spend panra mathiri thaan iruku  athuvum with kids education fees ellam iruntha gaali  No one will understand this   ellarukum unakenna pa foreign la iruka thaa solvaanga,0,1,0
Naanum santhosama  illa namma kooda irukavungalum nammalaala neemathiya  iruka mudiyala  life,0,1,0
off Part kertu tu punda idhalaam dhanush Vijay sethupathy laam vaanguna dummy punda padatha  Evanaachu paapana naaruna pundaiku    crore elaam flop pundaiya vachukittu  otha alu nee mattum iruka idha vachukittu indha dummy pundaiya enada pandrathu,1,1,1
Joker Athan ava Iruka la,0,1,0
iyar Full tym ne dha nyabagathula iruka Ena panradhu twitter varadhae una paka dha,0,1,0
Dei kurutu bunda Evan da ipo muttu kuduthathu thapuna thapunu soltu poga poranuga avlothan  Ne dhan animals kunja saptitu iruka,1,1,1
enna nei jolly ah iruka pola,0,0,0
Tweetz    kyootie Dei nee Ella proof vechu Iruka,0,1,0
Doli username crt ah vechu irukenga      Aprm iva anil ila da     Vaaram vaaram oruthar ku fan ah irupa    Joker dei neeyum avala matri crt ah username vechu Iruka   jodi porutham pakkava iruku,0,1,1
R AK  Ne dhaan da wanted ah vandhu azhudhutu iruka tharkuri,1,1,1
expiry   yenda mela iruka video paaru da award oda adhu perusu   adhuve vijay kita iruku nee ennada award illanu comedy panninu iruka,0,0,0
Ant King  India la iruka dogsla etho onu rendu miruga thanama iruntha  Athuku Karanam animal lovers   Seri intha rape murder ku lam manushan pudingiyathu ena     Its an accident it hurts search for solution  Bunda mari pesitu irukatha,1,1,1
twitz  Neengale uyiroda irukumm podhumm naa iruka matenn ahh,1,1,1
Adhu Epdi Oruthanum Kanduka en tweet ah nee matum quote pandra    Uppu Pocket Fulla vachitu iruka polaye,1,1,1
Engayo oru Amala oru pona rape pani kolran  Athuku un sunnya aruthu Vita epdi irukum  Arivu bunda mairu alvula iruka Naaya kaal eduthu adicha athu solution illa violence Dare will you do this to an elephant and wild animals   Don't show your strength to weak people,1,1,1
Indha naai innum kadharittu than iruka bro  Naan oru kelvi ketan badhil illa  Neenga oru kelvi ketinga badhil illa  Rajini sangi nu kathitu odiruvan  Vijay madhiri ye oru impotent pola,1,1,1
Dei  Unaku elam Manasakshi nu onnu iruka da Vikatan mandaiya    Ne ye sollu da ethana naal paendavar katchi kaga ulaichaaar nu    Biggboss  movie shooting  ku nadula epavacum holiday break kedacha mattum dhan  ivaru katchi vela paaparu   idhu oru katchi nu mark vera podanuma,1,1,1
Drone la hidden video eduka mudiyathuda nixa     Chinna pillayave iruka,0,1,1
Omma punda ipa ni taanda aludutu yen tweet ku la quote tweet panitu iruka     modala vatisu original collection    crores nu original number ah terinji vandu en pooluku vaii podu poda punda,1,1,1
Omma ku punda iruka modala pottaiku tana poranda ni    clash la soothadichi vitadu patada ungala modala ambala madiri nadanduko eduku vijay madiri panra,1,1,1
kumar   Unga amma koodhi kilicha vijay Kamal kita keka vendiya kelviya eduku yen kita kekuram mixed sprem    because ni enakum matum illa enaku vijay Kamal nu elarukum porandu iruka    apa unaku   appa va       poi enitu va po,1,1,1
Yov editor nee poidu vettiya post thana potutu iruka,0,1,0
Dei dei mentalu   Again mental mari arambikatha da    unaku ipo peasa onum ila athanala penathikitu iruka   Athe than keten ipo madungaluku kanji thani veikuratha niruthi konudalama  Athuku ans panama katharitu iruka,1,1,1
Padathaye Ott la vitutu yarra nee komali song ah Vida ivlo anathitu iruka,1,1,1
kumar   My dear thevidiya paiya  paithiyakara koodhi ni tanda en comment section la kadaritu iruka     unaku already piles vandu adula raththam seel vandudu ootudu pola     unga  amma  va na ta potanu unaku teriyuma ilaya da gay punda,1,1,1
ben  Nee en ya oruthan potadha ipdi Ela pakamum potutu iruka,0,1,0
Kasa kasa nu iruka,0,1,0
dmk Thayavusenju intha paatiku paathukapu kudunga   Please intha naainga bera kamunu iruka matanungaa,0,1,0
Yov yov   Ne unmaiyave ipdi thana ila nadikuriya  Therula iruka    naiyayum vetukula vechi valaka mudiyathunuthan porapo varapo ethachum vangi podrathu   Domesticated animal na vetukula matum than vechi valakanuma  Saraku potrukiya,1,1,1
Man   Epdi iruka,0,0,0
So only Vera ethachum que iruka illa na poi edit pannava Rmb nerama pending la iruku,0,1,0
Madan Enada sotta     mukitu iruka,1,1,1
Trailer late ah parthavanga like podunga,0,0,0
Move pathutu vanthu trailer pakurvnga yaru,0,0,0
Puthupetai dhanush  ah yarellam pathinga,0,0,0
"Dhanush oda character ,puthu sa erukay , mass ta",0,0,0
vera level ippa pesungada mokka nu thalaivaaaaaa,0,0,0
Thala mass . U1 bgm.     Vera level,0,0,0
ivara pathta death vara madiri irukku,1,1,0
kids reference  Maadila irunthu kudicha Shakthiman kaapathvaaru,0,0,0
Aiyoo thala mass pannita thala,0,0,0
ENPT ku kaathu kadanthathellam oru nimishathula poiruchu,0,1,0
When Pandey gets up  Vandumurugan : IM SPEAKING.. NO CROSS SPEAKING... SITTT DOWNNN,1,1,1
Remake of Malayalam Mohanlal movie Devadoodhan,1,0,0
Tharamaana sirappaana sambavam inimeal ta paaka pora....,0,0,0
Viswasam trailer paathutu Inka vanthavanga like panuga,0,0,0
Maran  kattu kattitamnue verithanam thaliva,0,0,0
Ella trailer la last la oru Mass dialouge vaichikuringaaa paaaa,0,0,0
Eppa Saamy thala padathula Vera director pera...pakurathu evalo periya santhosama iruku.....,0,0,0
En thalaivan vijaysethubathi kaga matume na padam papan matha entha p..... illa,0,1,1
Kanithan and mugamoodi Neenga nambalainalum ithan nesam,0,0,0
Enakku iru mugan trailer nyabagam than varuthu,0,0,0
ARE YOU EXPECTING HAPPY DEEPAVALI FORCE DIALOGUE IN 2.0 MOVIE,0,0,0
Sakthimaan fans like Sivakarthikeyen fans comment,0,0,0
rajini and akshay fans hit like,0,0,0
1 hour 1 million likes,0,0,0
Raww vana padama iruku  all the best,0,0,0
Thalaiva.. full Support from kerala Mohanlal Fans,0,0,0
En da.. trailer layae ivlo slow motion nah.. padathula paathi duration slow motion layae mudichirpeenga polayae,1,1,0
Thalaiva ungala screen pakkum pothey ippadiiii erukinga na  Nerla partha yappidiiii erupinga Oru murai tharisanam kedaikumaaaa,0,0,0
Rajini ah vida akshay mass ah irukane,1,0,0
Thala koda compare panna yarukum thakuthi kidaiyathu mind it,0,1,0
Marana mass marana style marna gethu mass trailer rajini ,0,0,0
Paruthiveeran Karthi Back  Lokesh Kangaraj Screenplay,0,0,0
Dialogue pundaiye puriyala. Otha theatre la nacham sound seri pannungada.,1,1,1
Poda mokka moonj unna pathale siriputhan varuthu super herovaam adutha mugamoodiii,1,1,1
dei kelthu kuthi ajith ivana yaru nadika sona,1,1,1
Yaaru ivanaa... INDHA Kosu Asoorana dei ennada Unga Rasana....,1,1,1
"Namma kitte kaadu iruntha,eduthukuvanga Namma kitte roopa iruntha, pudukiku vaanga Padippu mattum namma kitte irundhu eduthukave mudiyathu  Superb lines",0,1,0
Ethukkuda ivlo actors hypo....thalaivar padamna avar matumtha  irukanum...,0,0,0
Thlaiavaa... Thalaivaa... Thaliava... Thalaivaa.... Thalaivaa...,0,0,0
epdi like pottavan Eallarum seathupogada,1,1,1
Super dhanush Anna mass waiting asuran,0,0,0
Vera lvl thalaiva u r great,0,0,0
Ellam avan sayal movie mathiriya irukku,0,0,0
Boss you looking so handsome and young,0,0,0
Pattaya kelapitey Siva!!!  Awesome!!!,0,0,0
chitii come back I am waiting get ready to 2.0,0,0,0
"Boni kapoor sir ini entha update illama ethum release panathinga sir,  intha chinna pasanga tholla thanga mudiyala",1,1,0
"Looks thrilling, thala get up super as lawyer , dai pandey neeya da",0,0,0
Neenga enna vena kathukonga aana Hollywood padathukku dubbing mattum kathukathinga,1,1,0
Ena da nadakuthu inga.. Epaaa sathiyamaa edir pakatha trailer.. TOTALLY UNIMAGINABLE TRAILER. THALIVAR,0,0,0
Thala da    By thalapathy fan,0,0,0
Sun picture best or Vijay TV best sp best na dislike pannuga Vijay TV best na like pannuga,0,0,0
Hey Makkalay yaaru Darbar Motion Poster announcementku apram vantheenga,0,0,0
Last dialoge thala fans ungalukkuta Iam Vijay fan trailer super,0,0,0
Hollywood range la iruku padam Kandipa blockbuster hit! Semma story....,0,0,0
But ore oru varutham ennana Sunday release pannirukkalam yesterday aavathu announcement pannirukkalam,0,1,0
Semmma style... rajini sir is back...,0,0,0
My Dear Thala ahhhhhhhhhhhhhh semma GETHU,0,0,0
Idduke 500 va tarlam... kolla mass,0,0,0
Movie savadi vera level poo..thalaivar thalaivar thaa..mass,0,0,0
Super thalaiva .Semma mass. Intha movie blockbuster thaan. FDFS poravanga like pannunga.,0,0,0
92k views 132k likes  Fraud,1,0,0
3 minute trailor vida thil irukkaa....bollywood la panranga....tamila mudiyuma?,0,0,0
Dai ranjit nee idha parthu film eduka kathuko,1,1,1
Trailer fast ah podu Ana Background la main bgm illaye Fyt Ku Varadhinga Da Unmaiya tha slura,0,1,0
Superb  Vivek Mervin pinnitinga ponga... Ungalukagave padam pakanum,0,0,0
Viswasam likes aa pathu payainthu vainthavainga yar yar like pothathu.....,0,0,0
1:36 *thaa enna look-u daa saami  That bgm lit,0,0,0
Guyzz 1m likes vara varaikum vitraadheenga...,0,0,0
Padaiyatchi nu sonna mattum ungalukku jaathi veri nagi reddi settiyar mudaliar nu sonna adhu jaathi veri illaya,0,1,0
Velraj sir thalaivana masss a kamchirukaru vera level u,0,0,0
U1 kaga paakuradha illa sk kaaga verukuradhane therila but mithran + u1 kaaga kandipa paakanum,0,0,0
Iam vijay fan kerala and iam waiting super star's petta,0,0,0
Oh my god .. it's rajini for you,0,0,0
thala looka apdiyae vechurkaru pa.  Without audio la paata thalaikum ivrukkum vityasam teriyathu,0,0,0
Dai yaaru da athu? apadi enna da enga thala mela ungaluku Gaandu?,0,1,0
Love u thalaivaaaaaaa avangala aarani Anastasia's Alabama and Anastasia's,0,0,0
Iam sk fan aanaa trailer semma,0,0,0
Wow padam tharu mara iruka poguthu  This pongal petta diwali,0,0,0
Sema mass marana mass tha i love rajini,0,0,0
800k likes varavareku nanu thungamatte nenaikiravage like podunge,0,0,0
Damn..im a proud. Chiyaan vikram fan..,0,0,0
Enna panna porom sweet sapda porom....,0,0,0
entha kannada naiyai ennum tamilnattil erunthu anupalaiya?,1,1,1
Vaa thalaiva via diwali mass ur movie bikil  out,0,0,0
Veralevel performer Dhanush sir,0,0,0
No means no entha dialogue thalaya thavara yaru sonna nallairukumnu tharayala,0,0,0
Super akshay sir i love u sir,0,0,0
Looks like he will SET SCREEN ON FIRE,0,0,0
Ninga vena yenkuda classah passah suthla aana yen massu yennanu teriyathulla,0,0,0
Romba sandhosama irukku. Thala ipdi suspense movie la nadichadhu.and rlz kaga waiting.,0,0,0
Villaina mass aa kattallayea.  So sad.  Villain mass aa iruntha thaa movie mass aa irukkum,0,1,0
Trailer vera level athana Da....aamai kunjugala,0,0,0
"Yenda, padathoda ottumoththa kadhaiyayum idhudhan nu potu kaatra mariya da trailer pannuveenga.",1,1,0
Trailer late ah parthavanga like podunga,0,0,0
Move pathutu vanthu trailer pakurvnga yaru,0,0,0
Puthupetai dhanush ah yarellam pathinga,0,0,0
"Dhanush oda character ,puthu sa erukay , mass ta",0,0,0
vera level ippa pesungada mokka nu thalaivaaaaaa,0,0,1
Thala mass . U1 bgm. Vera level,0,0,0
ivara pathta death vadi madiri irukku,1,1,1
0:28 90's kids reference Maadila irunthu kudicha Shakthiman kaapathvaaru,0,0,0
Aiyoo thala mass pannita thala,0,0,0
ENPT ku kaathu kadanthathellam oru nimishathula poiruchu,0,1,0
When Pandey gets up Vandumurugan : IM SPEAKING.. NO CROSS SPEAKING... SITTT DOWNNN,1,1,1
Remake of Malayalam Mohanlal movie Devadoodhan,0,0,0
Tharamaana sirappaana sambavam inimeal ta paaka pora....,0,0,0
Viswasam trailer paathutu Inka vanthavanga like panuga,0,0,0
Maran kattu kattitamnue verithanam thalivaaa,0,0,0
Ella trailer la last la oru Mass dialouge vaichikuringaaa paaaa,0,0,0
Eppa Saamy thala padathula Vera director pera...pakurathu evalo periya santhosama iruku.....,0,0,0
En thalaivan vijaysethubathi kaga matume na padam papan matha entha p..... illa,1,0,1
Kanithan + mugamoodi Neenga nambalainalum ithan nesam,0,0,0
Enakku iru mugan trailer gnabagam than varuthu,0,0,0
ARE YOU EXPECTING HAPPY DEEPAVALI FORCE DIALOGUE IN 2.0 MOVIE,0,0,0
Sakthimaan fans like Sivakarthikeyen fans comment,0,0,0
rajini and akshay fans hit like,0,0,0
1 hour 1 million likes,0,0,0
Raww vana padama iruku all the best,0,0,0
Thalaiva.. full Support from kerala Mohanlal Fans,0,0,0
En da.. trailer layae ivlo slow motion nah.. padathula paathi duration slow motion layae mudichirpeenga polayae,1,1,1
Thalaiva ungala screen pakkum pothey ippadiiii erukinga na Nerla partha yappidiiii erupinga Oru murai tharisanam kedaikumaaaa,0,0,0
Rajini ah vida akshay mass ah irukane,1,0,1
Thala koda compare panna yarukum thakuthi kidaiyathu mind it,0,1,1
Marana mass marana style marna gethu mass trailer rajinified,0,0,0
Paruthiveeran Karthi Back Lokesh Kangaraj Screenplay,0,0,0
Diwali annante aniyan ullaltha Step back bigil,0,0,0
Dialogue pundaiye puriyala. Otha theatre la nacham sound seri pannungada.,1,1,1
Poda mokka moonjI unna pathale siriputhan varuthu super herovaam adutha mugamoodiii,1,1,1
dei kelthu kuthi ajith ivanya yaru nadika sona??????,1,1,1
Yaaru ivanaa... INDHA Kosu Asoorana dei ennada Unga Rasana....,1,1,1
"Namma kitte kaadu iruntha,eduthukuvanga Namma kitte roopa iruntha, pudukiku vaanga Padippu mattum namma kitte irundhu eduthukave mudiyathu Superb lines",0,0,0
Ethukkuda ivlo actors hypo....thalaivar padamna avar matumtha irukanum...,0,0,1
Thlaiavaa... Thalaivaa... Thaliava... Thalaivaa.... Thalaivaa...,0,0,0
epdi like pottavan Eallarum seathupogada,1,1,1
Supper dhanush Anna mass waiting asuran,0,0,0
Vera lvl thalaiva u r great,0,0,0
Ellam avan sayal movie mathiriya irukku??,0,1,0
Boss you looking so handsome ND young kekaa,0,0,0
Pattaya kelapitey Siva!!! Awesome!!!,0,0,0
Dahaaaaaaa chitii come back I am waiting get ready to 2.0,0,0,0
"Boni kapoor sir ini entha update illama ethum release panathinga sir, intha chinna pasanga tholla thanga mudiyala",0,1,1
"Looks thrilling, thala get up super as lawyer , dai pandey neeya da",0,0,0
Neenga enna vena kathukonga aana Hollywood padathukku dubbing mattum kathukathinga,1,1,1
Ena da nadakuthu inga.. Epaaa sathiyamaa edir pakatha trailer.. TOTALLY UNIMAGINABLE TRAILER. THALIVAR,0,0,0
1:43 Thala da By thalapathy fan,0,0,0
Sun picture best or Vijay TV best sp best na dislike pannuga Vijay TV best na like pannuga,0,0,1
Hey Makkalay yaaru Darbar Motion Poster announcementku apram vantheenga,0,0,0
Last dialoge thala fans ungalukkuta Iam Vijay fan trailer super,0,0,0
Hollywood range la iruku padam Kandipa blockbuster hit! Semma story....,0,0,0
But ore oru varutham ennana Sunday release pannirukkalam yesterday aavathu announcement pannirukkalam,0,1,0
Semmma style... rajini sir is back...,0,0,0
My Dear Thala ahhhhhhhhhhhhhh semma GETHU,0,0,0
Idduke ?500 va tarlam... kolla mass,0,0,0
Movie savadi vera level poo..thalaivar thalaivar thaa..mass,0,0,0
Super thalaiva .Semma mass. Intha movie blockbuster thaan. FDFS poravanga like pannunga.,0,0,0
92k views 132k likes Fraud,1,1,0
3 minute trailor vida thil irukkaa....bollywood la panranga....tamila mudiyuma???????,1,1,1
Dai ranjit nee idha parthu film eduka kathuko,0,1,1
Trailer fast ah podu Ana Background la main bgm illaye Fyt Ku Varadhinga Da Unmaiya tha slura,0,1,1
Superb Vivek Mervin pinnitinga ponga... Ungalukagave padam pakanum,0,0,0
Viswasam likes aa pathu payainthu vainthavainga yar yar like pothathu.....,0,0,1
1:36 *thaa enna look-u daa saami That bgm lit,0,0,1
Guyzz 1m likes vara varaikum vitraadheenga...,0,0,0
Padaiyatchi nu sonna mattum ungalukku jaathi veri nagi reddi settiyar mudaliar nu sonna adhu jaathi veri illaya,0,1,1
Velraj sir thalaivana masss a kamchirukaru vera level u,0,0,0
U1 kaga paakuradha illa sk kaaga verukuradhane therila but mithran + u1 kaaga kandipa paakanum,0,0,1
Iam vijay fan kerala and iam waiting super star's petta,0,0,0
Oh my god .. it's rajini for you,0,0,0
0:52 thala looka apdiyae vechurkaru pa. Without audio la paata thalaikum ivrukkum vityasam teriyathu,0,0,0
Dai yaaru da antha 36k? apadi enna da enga thala mela ungaluku Gaandu?!,0,1,1
Love u thalaivaaaaaaa avangala aarani Anastasia's Alabama and Anastasia's,0,0,0
Iam sk fan aanaa trailer semma,0,0,0
kanithan + mugamoodi Neenga nambalainalum ithan nesam,0,0,0
Sema mass marana mass tha i love rajini,0,0,0
800k likes varavareku nanu thungamatte nenaikiravage like podunge,0,0,0
Damn..im a proud. Chiyaan vikram fan..,0,0,0
Enna panna porom sweet sapda porom....,0,0,0
entha kannada naiyai ennum tamilnattil erunthu anupalaiya?,1,1,1
Vaa thalaiva via diwali mass ur movie bikil out,0,1,1
Veralevel performer Dhanush sir,0,0,0
No means no entha dialogue thalaya thavara yaru sonna nallairukumnu tharayala,0,0,0
Super akshay sir i love u sir,0,0,0
Looks like he will SET SCREEN ON FIRE,0,0,0
Ninga vena yenkuda classah passah suthla aana yen massu yennanu teriyathulla,0,0,1
Rmba sandhosama irukku. Thala ipdi suspense movie la nadichadhu.and rlz kaga waiting.,0,0,0
Villaina mass aa kattallayea. So sad. Villain mass aa iruntha thaa movie mass aa irukkum,0,1,0
Trailer vera level athana Da....aamai kunjugala,0,0,1
"Yenda, padathoda ottumoththa kadhaiyayum idhudhan nu potu kaatra mariya da trailer pannuveenga.",0,1,1
ommbu,1,1,1
othalaka,1,1,1
okuran,1,1,1
olu,1,1,1
olee,1,1,1
evn yenna da solla varan,0,0,0
bro puluthi mari pannatha bro ,1,1,1
pavam bro avn pathiyama aagitan,0,0,1
mmla,1,1,1
omala,1,1,1
nee olungha mathavanghala pathi soldra,0,1,0
onnalam yaru da video poda sonnathu,0,1,0
